,Season,Name,Team,Age,Points,G,PA,AB,AVG,H,1B,2B,3B,HR,R,RBI,BB,IBB,SO,HBP,SB,CS,HBP,SO,Pitches
3,2019.0,Mike Trout,Angels,27.0,598.0,129.0,585.0,458.0,0.293,134.0,62.0,27.0,2.0,43.0,106.0,101.0,107.0,13.0,118.0,16.0,11.0,2.0,16.0,118.0,2462.0
5,2019.0,Cody Bellinger,Dodgers,23.0,631.0,135.0,575.0,483.0,0.311,150.0,73.0,30.0,3.0,44.0,106.0,103.0,85.0,19.0,94.0,3.0,11.0,5.0,3.0,94.0,2330.0
1,2019.0,Christian Yelich,Brewers,27.0,588.0,123.0,551.0,469.0,0.326,153.0,80.0,27.0,3.0,43.0,96.0,93.0,72.0,16.0,114.0,7.0,26.0,2.0,7.0,114.0,2132.0
4,2019.0,Anthony Rendon,Nationals,29.0,566.0,122.0,539.0,463.0,0.337,156.0,83.0,38.0,3.0,32.0,103.0,111.0,57.0,7.0,74.0,12.0,3.0,1.0,12.0,74.0,2168.0
10,2019.0,Alex Bregman,Astros,25.0,565.0,133.0,594.0,481.0,0.295,142.0,76.0,32.0,2.0,32.0,105.0,95.0,98.0,1.0,75.0,7.0,4.0,1.0,7.0,75.0,2507.0
15,2019.0,Xander Bogaerts,Red Sox,26.0,537.0,132.0,598.0,526.0,0.312,164.0,85.0,48.0,0.0,31.0,102.0,103.0,67.0,2.0,107.0,1.0,4.0,1.0,1.0,107.0,2453.0
21,2019.0,Ketel Marte,Diamondbacks,25.0,508.0,130.0,574.0,520.0,0.321,167.0,100.0,30.0,8.0,29.0,90.0,81.0,48.0,2.0,78.0,4.0,9.0,2.0,4.0,78.0,2194.0
17,2019.0,George Springer,Astros,29.0,422.0,104.0,484.0,415.0,0.296,123.0,71.0,19.0,3.0,30.0,81.0,78.0,59.0,1.0,98.0,6.0,5.0,2.0,6.0,98.0,1995.0
27,2019.0,Rafael Devers,Red Sox,22.0,542.0,133.0,595.0,548.0,0.321,176.0,96.0,48.0,4.0,28.0,113.0,104.0,41.0,6.0,94.0,3.0,8.0,8.0,3.0,94.0,2196.0
45,2019.0,Mookie Betts,Red Sox,26.0,522.0,135.0,639.0,537.0,0.287,154.0,87.0,39.0,5.0,23.0,123.0,70.0,90.0,6.0,96.0,3.0,14.0,3.0,3.0,96.0,2653.0
76,2019.0,Matt Chapman,Athletics,26.0,422.0,133.0,565.0,495.0,0.259,128.0,60.0,35.0,3.0,30.0,87.0,75.0,58.0,0.0,117.0,9.0,1.0,1.0,9.0,117.0,2373.0
95,2019.0,Marcus Semien,Athletics,28.0,474.0,137.0,632.0,559.0,0.272,152.0,87.0,34.0,6.0,25.0,98.0,73.0,71.0,1.0,91.0,1.0,7.0,8.0,1.0,91.0,2541.0
37,2019.0,Trevor Story,Rockies,26.0,435.0,125.0,564.0,510.0,0.298,152.0,83.0,34.0,5.0,30.0,100.0,76.0,45.0,0.0,143.0,6.0,19.0,8.0,6.0,143.0,2312.0
56,2019.0,Ronald Acuna Jr.,Braves,21.0,490.0,138.0,637.0,560.0,0.282,158.0,102.0,19.0,1.0,36.0,109.0,92.0,64.0,3.0,162.0,9.0,33.0,8.0,9.0,162.0,2707.0
34,2019.0,DJ LeMahieu,Yankees,30.0,474.0,125.0,562.0,515.0,0.332,171.0,117.0,28.0,2.0,24.0,96.0,90.0,40.0,0.0,77.0,2.0,4.0,2.0,2.0,77.0,2113.0
171,2019.0,J.T. Realmuto,Phillies,28.0,351.0,129.0,523.0,475.0,0.274,130.0,76.0,32.0,2.0,20.0,81.0,71.0,38.0,2.0,113.0,3.0,7.0,1.0,3.0,113.0,2050.0
18,2019.0,Carlos Santana,Indians,33.0,536.0,135.0,587.0,487.0,0.292,142.0,82.0,27.0,1.0,32.0,97.0,84.0,98.0,10.0,88.0,1.0,4.0,0.0,1.0,88.0,2404.0
31,2019.0,Nolan Arenado,Rockies,28.0,549.0,136.0,578.0,518.0,0.311,161.0,96.0,27.0,2.0,36.0,92.0,107.0,48.0,9.0,79.0,4.0,2.0,2.0,4.0,79.0,2066.0
35,2019.0,Michael Brantley,Astros,32.0,457.0,129.0,560.0,505.0,0.327,165.0,105.0,39.0,2.0,19.0,82.0,80.0,46.0,3.0,58.0,6.0,3.0,2.0,6.0,58.0,2040.0
11,2019.0,Juan Soto,Nationals,20.0,505.0,125.0,554.0,464.0,0.295,137.0,75.0,26.0,5.0,31.0,94.0,95.0,84.0,2.0,109.0,2.0,12.0,1.0,2.0,109.0,2334.0
73,2019.0,Max Kepler,Twins,26.0,485.0,125.0,564.0,497.0,0.258,128.0,61.0,31.0,0.0,36.0,94.0,90.0,57.0,0.0,91.0,6.0,1.0,5.0,6.0,91.0,2040.0
121,2019.0,Javier Baez,Cubs,26.0,393.0,133.0,560.0,530.0,0.281,149.0,78.0,38.0,4.0,29.0,88.0,85.0,28.0,3.0,155.0,0.0,11.0,7.0,0.0,155.0,1999.0
25,2019.0,Peter Alonso,Mets,24.0,484.0,136.0,584.0,499.0,0.265,132.0,60.0,27.0,2.0,43.0,83.0,102.0,63.0,4.0,147.0,19.0,1.0,0.0,19.0,147.0,2344.0
38,2019.0,Josh Donaldson,Braves,33.0,436.0,135.0,574.0,481.0,0.26,125.0,62.0,29.0,0.0,34.0,85.0,79.0,85.0,2.0,140.0,7.0,3.0,2.0,7.0,140.0,2393.0
41,2019.0,Max Muncy,Dodgers,28.0,426.0,129.0,534.0,442.0,0.253,112.0,59.0,19.0,1.0,33.0,89.0,87.0,82.0,1.0,134.0,6.0,4.0,1.0,6.0,134.0,2325.0
42,2019.0,Kris Bryant,Cubs,27.0,407.0,131.0,568.0,489.0,0.28,137.0,76.0,34.0,1.0,26.0,96.0,64.0,66.0,1.0,126.0,12.0,3.0,0.0,12.0,126.0,2221.0
77,2019.0,Francisco Lindor,Indians,25.0,443.0,119.0,545.0,497.0,0.298,148.0,86.0,34.0,2.0,26.0,82.0,63.0,39.0,7.0,80.0,3.0,20.0,4.0,3.0,80.0,2033.0
94,2019.0,Yasmani Grandal,Brewers,30.0,346.0,129.0,528.0,430.0,0.247,106.0,61.0,21.0,2.0,22.0,58.0,64.0,88.0,2.0,111.0,5.0,5.0,1.0,5.0,111.0,2275.0
68,2019.0,Jorge Polanco,Twins,25.0,433.0,131.0,612.0,548.0,0.305,167.0,107.0,34.0,6.0,20.0,91.0,69.0,54.0,2.0,97.0,4.0,4.0,3.0,4.0,97.0,2429.0
80,2019.0,Yoan Moncada,White Sox,24.0,296.0,108.0,456.0,415.0,0.289,120.0,71.0,24.0,3.0,22.0,62.0,65.0,34.0,1.0,130.0,3.0,7.0,3.0,3.0,130.0,1816.0
19,2019.0,Freddie Freeman,Braves,29.0,580.0,138.0,615.0,533.0,0.298,159.0,89.0,30.0,2.0,38.0,107.0,114.0,75.0,9.0,111.0,6.0,6.0,3.0,6.0,111.0,2440.0
22,2019.0,Anthony Rizzo,Cubs,29.0,443.0,128.0,542.0,452.0,0.294,133.0,80.0,26.0,2.0,25.0,81.0,83.0,63.0,3.0,78.0,25.0,5.0,2.0,25.0,78.0,2193.0
32,2019.0,Jeff McNeil,Mets,27.0,351.0,113.0,475.0,428.0,0.322,138.0,87.0,33.0,1.0,17.0,69.0,59.0,29.0,2.0,65.0,18.0,4.0,5.0,18.0,65.0,1724.0
6,2019.0,Nelson Cruz,Twins,38.0,402.0,100.0,434.0,380.0,0.311,118.0,61.0,23.0,0.0,34.0,65.0,91.0,44.0,4.0,112.0,7.0,0.0,1.0,7.0,112.0,1784.0
61,2019.0,Bryce Harper,Phillies,26.0,441.0,132.0,584.0,491.0,0.257,126.0,64.0,32.0,0.0,30.0,86.0,99.0,87.0,9.0,154.0,4.0,9.0,3.0,4.0,154.0,2391.0
16,2019.0,Fernando Tatis Jr.,Padres,20.0,286.0,84.0,372.0,334.0,0.317,106.0,65.0,13.0,6.0,22.0,61.0,53.0,30.0,1.0,110.0,5.0,16.0,6.0,5.0,110.0,1399.0
124,2019.0,Ozzie Albies,Braves,22.0,429.0,138.0,606.0,551.0,0.287,158.0,95.0,37.0,7.0,19.0,87.0,71.0,50.0,5.0,99.0,3.0,14.0,3.0,3.0,99.0,2161.0
133,2019.0,Jonathan Villar,Orioles,28.0,377.0,137.0,596.0,532.0,0.28,149.0,96.0,29.0,4.0,20.0,94.0,62.0,55.0,0.0,145.0,3.0,33.0,8.0,3.0,145.0,2400.0
197,2019.0,Paul DeJong,Cardinals,25.0,359.0,135.0,563.0,493.0,0.243,120.0,67.0,28.0,1.0,24.0,86.0,67.0,54.0,1.0,120.0,10.0,6.0,5.0,10.0,120.0,2184.0
12,2019.0,J.D. Martinez,Red Sox,31.0,503.0,125.0,568.0,498.0,0.317,158.0,92.0,30.0,2.0,34.0,89.0,93.0,61.0,8.0,111.0,4.0,1.0,0.0,4.0,111.0,2103.0
44,2019.0,Aaron Judge,Yankees,27.0,242.0,82.0,362.0,306.0,0.275,84.0,50.0,15.0,0.0,19.0,57.0,43.0,52.0,4.0,110.0,2.0,3.0,1.0,2.0,110.0,1555.0
111,2019.0,Eduardo Escobar,Diamondbacks,30.0,492.0,135.0,599.0,543.0,0.273,148.0,80.0,25.0,10.0,33.0,87.0,110.0,43.0,2.0,112.0,3.0,5.0,1.0,3.0,112.0,2310.0
83,2019.0,Tommy Pham,Rays,31.0,380.0,125.0,566.0,486.0,0.278,135.0,85.0,28.0,2.0,20.0,65.0,61.0,74.0,4.0,106.0,5.0,18.0,3.0,5.0,106.0,2254.0
135,2019.0,Kolten Wong,Cardinals,28.0,303.0,132.0,481.0,417.0,0.288,120.0,83.0,23.0,4.0,10.0,52.0,55.0,44.0,5.0,71.0,13.0,19.0,2.0,13.0,71.0,1764.0
13,2019.0,Joey Gallo,Rangers,25.0,235.0,70.0,297.0,241.0,0.253,61.0,23.0,15.0,1.0,22.0,54.0,49.0,52.0,4.0,114.0,2.0,4.0,2.0,2.0,114.0,1308.0
65,2019.0,Gleyber Torres,Yankees,22.0,430.0,127.0,531.0,476.0,0.284,135.0,81.0,21.0,0.0,33.0,87.0,78.0,47.0,3.0,108.0,2.0,4.0,2.0,2.0,108.0,2109.0
29,2019.0,Mark Canha,Athletics,30.0,302.0,102.0,396.0,330.0,0.273,90.0,51.0,13.0,3.0,23.0,63.0,49.0,52.0,1.0,87.0,12.0,2.0,2.0,12.0,87.0,1676.0
49,2019.0,Yuli Gurriel,Astros,35.0,485.0,128.0,548.0,505.0,0.307,155.0,88.0,38.0,2.0,27.0,78.0,97.0,33.0,2.0,58.0,4.0,4.0,3.0,4.0,58.0,1850.0
23,2019.0,Bryan Reynolds,Pirates,24.0,321.0,114.0,460.0,409.0,0.335,137.0,88.0,32.0,3.0,14.0,74.0,60.0,42.0,0.0,100.0,6.0,2.0,2.0,6.0,100.0,1817.0
46,2019.0,Justin Turner,Dodgers,34.0,397.0,127.0,522.0,457.0,0.293,134.0,84.0,24.0,0.0,26.0,78.0,65.0,48.0,1.0,85.0,12.0,2.0,0.0,12.0,85.0,2051.0
20,2019.0,Mitch Garver,Twins,28.0,286.0,77.0,302.0,267.0,0.273,73.0,34.0,12.0,1.0,26.0,58.0,57.0,29.0,0.0,75.0,5.0,0.0,0.0,5.0,75.0,1247.0
57,2019.0,Matt Olson,Athletics,25.0,327.0,103.0,439.0,387.0,0.269,104.0,56.0,20.0,0.0,28.0,56.0,69.0,40.0,5.0,107.0,11.0,0.0,0.0,11.0,107.0,1823.0
137,2019.0,Brian Anderson,Marlins,26.0,313.0,126.0,520.0,459.0,0.261,120.0,66.0,33.0,1.0,20.0,57.0,66.0,44.0,1.0,114.0,14.0,5.0,1.0,14.0,114.0,1925.0
2,2019.0,Yordan Alvarez,Astros,22.0,286.0,66.0,283.0,240.0,0.317,76.0,35.0,19.0,0.0,22.0,46.0,63.0,40.0,4.0,72.0,1.0,0.0,0.0,1.0,72.0,1132.0
33,2019.0,Giovanny Urshela,Yankees,27.0,331.0,114.0,414.0,384.0,0.331,127.0,77.0,32.0,0.0,18.0,66.0,67.0,21.0,0.0,72.0,5.0,1.0,1.0,5.0,72.0,1561.0
52,2019.0,Hunter Dozier,Royals,27.0,364.0,115.0,489.0,432.0,0.28,121.0,64.0,25.0,8.0,24.0,65.0,77.0,50.0,2.0,113.0,3.0,2.0,1.0,3.0,113.0,1871.0
62,2019.0,Eugenio Suarez,Reds,27.0,413.0,136.0,568.0,498.0,0.261,130.0,69.0,20.0,1.0,40.0,77.0,87.0,54.0,3.0,161.0,10.0,3.0,2.0,10.0,161.0,2340.0
103,2019.0,Ramon Laureano,Athletics,24.0,283.0,107.0,419.0,380.0,0.284,108.0,61.0,26.0,0.0,21.0,67.0,58.0,22.0,0.0,113.0,10.0,12.0,2.0,10.0,113.0,1675.0
98,2019.0,Starling Marte,Pirates,30.0,438.0,126.0,570.0,525.0,0.295,155.0,96.0,31.0,5.0,23.0,95.0,79.0,23.0,0.0,89.0,16.0,25.0,6.0,16.0,89.0,2062.0
194,2019.0,Jose Ramirez,Indians,26.0,400.0,126.0,532.0,473.0,0.254,120.0,64.0,33.0,3.0,20.0,65.0,75.0,51.0,3.0,73.0,2.0,24.0,4.0,2.0,73.0,2127.0
40,2019.0,Carlos Correa,Astros,24.0,248.0,72.0,310.0,270.0,0.278,75.0,39.0,16.0,1.0,19.0,39.0,56.0,34.0,0.0,70.0,2.0,1.0,0.0,2.0,70.0,1273.0
43,2019.0,Jose Altuve,Astros,29.0,383.0,103.0,462.0,419.0,0.301,126.0,76.0,23.0,2.0,25.0,77.0,61.0,36.0,0.0,70.0,3.0,5.0,4.0,3.0,70.0,1683.0
82,2019.0,Michael Conforto,Mets,26.0,398.0,127.0,551.0,468.0,0.261,122.0,69.0,24.0,1.0,28.0,75.0,80.0,68.0,4.0,122.0,10.0,7.0,2.0,10.0,122.0,2179.0
99,2019.0,Eric Sogard,- - -,33.0,293.0,102.0,426.0,381.0,0.302,115.0,77.0,23.0,2.0,13.0,59.0,40.0,38.0,2.0,61.0,1.0,8.0,0.0,1.0,61.0,1700.0
143,2019.0,Manny Machado,Padres,26.0,395.0,133.0,571.0,512.0,0.266,136.0,86.0,20.0,2.0,28.0,74.0,76.0,52.0,2.0,112.0,4.0,5.0,2.0,4.0,112.0,2075.0
55,2019.0,Rhys Hoskins,Phillies,26.0,410.0,135.0,596.0,477.0,0.241,115.0,56.0,27.0,5.0,27.0,76.0,78.0,104.0,5.0,139.0,9.0,1.0,2.0,9.0,139.0,2746.0
159,2019.0,Brett Gardner,Yankees,35.0,329.0,119.0,460.0,410.0,0.249,102.0,53.0,23.0,7.0,19.0,71.0,55.0,45.0,0.0,83.0,3.0,9.0,2.0,3.0,83.0,1964.0
211,2019.0,Christian Vazquez,Red Sox,28.0,285.0,117.0,446.0,416.0,0.274,114.0,71.0,23.0,1.0,19.0,55.0,58.0,24.0,3.0,89.0,0.0,2.0,2.0,0.0,89.0,1706.0
131,2019.0,Kyle Seager,Mariners,31.0,252.0,83.0,347.0,308.0,0.25,77.0,40.0,17.0,1.0,19.0,44.0,53.0,34.0,0.0,71.0,3.0,2.0,1.0,3.0,71.0,1387.0
207,2019.0,Nick Ahmed,Diamondbacks,29.0,354.0,136.0,538.0,478.0,0.266,127.0,76.0,30.0,4.0,17.0,72.0,77.0,46.0,1.0,98.0,2.0,7.0,1.0,2.0,98.0,2034.0
237,2019.0,David Fletcher,Angels,25.0,317.0,130.0,546.0,499.0,0.285,142.0,103.0,30.0,4.0,5.0,71.0,43.0,45.0,1.0,53.0,0.0,8.0,3.0,0.0,53.0,2236.0
59,2019.0,Tom Murphy,Mariners,28.0,156.0,63.0,227.0,215.0,0.279,60.0,30.0,12.0,1.0,17.0,27.0,36.0,10.0,0.0,78.0,1.0,2.0,0.0,1.0,78.0,985.0
92,2019.0,Tim Anderson,White Sox,26.0,273.0,102.0,422.0,407.0,0.329,134.0,93.0,27.0,0.0,14.0,61.0,47.0,11.0,0.0,88.0,3.0,16.0,5.0,3.0,88.0,1444.0
146,2019.0,Byron Buxton,Twins,25.0,216.0,84.0,295.0,271.0,0.262,71.0,27.0,30.0,4.0,10.0,48.0,46.0,19.0,1.0,68.0,2.0,14.0,3.0,2.0,68.0,1031.0
36,2019.0,Josh Bell,Pirates,26.0,522.0,133.0,574.0,496.0,0.28,139.0,64.0,37.0,3.0,35.0,91.0,110.0,67.0,10.0,112.0,4.0,0.0,1.0,4.0,112.0,2282.0
87,2019.0,Brandon Lowe,Rays,24.0,190.0,76.0,307.0,279.0,0.276,77.0,42.0,17.0,2.0,16.0,40.0,49.0,22.0,0.0,104.0,5.0,5.0,0.0,5.0,104.0,1221.0
118,2019.0,Scott Kingery,Phillies,25.0,240.0,103.0,412.0,377.0,0.276,104.0,54.0,31.0,3.0,16.0,53.0,49.0,29.0,1.0,119.0,5.0,10.0,4.0,5.0,119.0,1629.0
134,2019.0,Whit Merrifield,Royals,30.0,415.0,138.0,628.0,578.0,0.299,173.0,115.0,33.0,9.0,16.0,91.0,69.0,41.0,4.0,102.0,5.0,17.0,9.0,5.0,102.0,2369.0
129,2019.0,Andrew Benintendi,Red Sox,24.0,302.0,118.0,545.0,480.0,0.281,135.0,80.0,38.0,5.0,12.0,63.0,65.0,52.0,1.0,128.0,6.0,9.0,3.0,6.0,128.0,2166.0
115,2019.0,Adam Eaton,Nationals,30.0,348.0,128.0,563.0,483.0,0.288,139.0,99.0,21.0,7.0,12.0,90.0,42.0,59.0,0.0,87.0,11.0,13.0,3.0,11.0,87.0,2297.0
198,2019.0,Jean Segura,Phillies,29.0,331.0,122.0,531.0,492.0,0.287,141.0,94.0,32.0,4.0,11.0,71.0,53.0,28.0,1.0,63.0,8.0,7.0,2.0,8.0,63.0,1885.0
280,2019.0,Adalberto Mondesi,Royals,23.0,209.0,83.0,365.0,340.0,0.274,93.0,60.0,17.0,9.0,7.0,50.0,52.0,16.0,0.0,102.0,0.0,34.0,4.0,0.0,102.0,1309.0
75,2019.0,Austin Meadows,Rays,24.0,356.0,116.0,495.0,449.0,0.278,125.0,68.0,25.0,7.0,25.0,62.0,72.0,40.0,5.0,116.0,6.0,9.0,5.0,6.0,116.0,2061.0
106,2019.0,Mike Moustakas,Brewers,30.0,418.0,123.0,520.0,469.0,0.26,122.0,62.0,28.0,1.0,31.0,71.0,76.0,44.0,4.0,87.0,6.0,3.0,0.0,6.0,87.0,1979.0
113,2019.0,Trea Turner,Nationals,26.0,315.0,97.0,455.0,413.0,0.295,122.0,77.0,27.0,5.0,13.0,74.0,44.0,37.0,2.0,91.0,3.0,30.0,5.0,3.0,91.0,1776.0
170,2019.0,Corey Seager,Dodgers,25.0,306.0,113.0,458.0,410.0,0.268,110.0,58.0,39.0,0.0,13.0,68.0,65.0,40.0,2.0,84.0,4.0,1.0,0.0,4.0,84.0,1640.0
81,2019.0,Edwin Encarnacion,- - -,36.0,371.0,101.0,451.0,384.0,0.24,92.0,45.0,17.0,0.0,30.0,75.0,76.0,57.0,1.0,96.0,7.0,0.0,1.0,7.0,96.0,1990.0
71,2019.0,Mike Tauchman,Yankees,28.0,203.0,82.0,280.0,247.0,0.279,69.0,39.0,17.0,1.0,12.0,43.0,45.0,31.0,0.0,70.0,1.0,6.0,0.0,1.0,70.0,1216.0
102,2019.0,Joc Pederson,Dodgers,27.0,343.0,128.0,448.0,393.0,0.242,95.0,49.0,13.0,3.0,30.0,69.0,64.0,43.0,2.0,99.0,11.0,1.0,1.0,11.0,99.0,1789.0
119,2019.0,Marcell Ozuna,Cardinals,28.0,355.0,106.0,440.0,393.0,0.26,102.0,57.0,20.0,1.0,24.0,68.0,77.0,45.0,2.0,92.0,1.0,12.0,1.0,1.0,92.0,1788.0
239,2019.0,Roberto Perez,Indians,30.0,210.0,101.0,384.0,331.0,0.224,74.0,44.0,8.0,1.0,21.0,39.0,50.0,41.0,1.0,110.0,2.0,0.0,0.0,2.0,110.0,1640.0
72,2019.0,Jorge Soler,Royals,27.0,428.0,138.0,576.0,499.0,0.251,125.0,60.0,27.0,0.0,38.0,75.0,97.0,63.0,2.0,151.0,9.0,1.0,1.0,9.0,151.0,2340.0
90,2019.0,Brian Goodwin,Angels,28.0,238.0,113.0,371.0,334.0,0.287,96.0,52.0,27.0,2.0,15.0,59.0,43.0,30.0,2.0,100.0,3.0,5.0,3.0,3.0,100.0,1575.0
88,2019.0,Trey Mancini,Orioles,27.0,422.0,130.0,568.0,506.0,0.275,139.0,78.0,30.0,2.0,29.0,89.0,76.0,53.0,3.0,118.0,6.0,1.0,0.0,6.0,118.0,2273.0
91,2019.0,Tommy La Stella,Angels,30.0,258.0,78.0,312.0,283.0,0.3,85.0,62.0,7.0,0.0,16.0,49.0,44.0,20.0,0.0,27.0,3.0,0.0,0.0,3.0,27.0,1177.0
141,2019.0,Alex Verdugo,Dodgers,23.0,255.0,106.0,377.0,343.0,0.294,101.0,65.0,22.0,2.0,12.0,43.0,44.0,26.0,1.0,49.0,2.0,4.0,1.0,2.0,49.0,1468.0
164,2019.0,Evan Longoria,Giants,33.0,269.0,107.0,413.0,373.0,0.265,99.0,61.0,18.0,2.0,18.0,52.0,61.0,32.0,0.0,88.0,5.0,2.0,1.0,5.0,88.0,1620.0
28,2019.0,Howie Kendrick,Nationals,35.0,270.0,100.0,308.0,277.0,0.329,91.0,55.0,22.0,0.0,14.0,50.0,56.0,23.0,1.0,44.0,3.0,2.0,1.0,3.0,44.0,1137.0
51,2019.0,Willson Contreras,Cubs,27.0,245.0,87.0,340.0,295.0,0.275,81.0,46.0,15.0,1.0,19.0,45.0,57.0,34.0,2.0,85.0,9.0,1.0,2.0,9.0,85.0,1313.0
96,2019.0,Nicholas Castellanos,- - -,27.0,367.0,130.0,570.0,527.0,0.288,152.0,80.0,47.0,3.0,22.0,81.0,57.0,37.0,1.0,124.0,4.0,2.0,2.0,4.0,124.0,2114.0
116,2019.0,Christian Walker,Diamondbacks,28.0,340.0,130.0,516.0,454.0,0.264,120.0,72.0,22.0,1.0,25.0,74.0,62.0,56.0,4.0,132.0,5.0,8.0,1.0,5.0,132.0,2061.0
160,2019.0,Kole Calhoun,Angels,31.0,367.0,129.0,538.0,469.0,0.239,112.0,56.0,27.0,1.0,28.0,81.0,67.0,60.0,7.0,132.0,6.0,4.0,1.0,6.0,132.0,2017.0
139,2019.0,Kevin Newman,Pirates,25.0,280.0,107.0,433.0,402.0,0.313,126.0,96.0,16.0,4.0,10.0,47.0,52.0,23.0,2.0,50.0,5.0,13.0,7.0,5.0,50.0,1554.0
156,2019.0,Hanser Alberto,Orioles,26.0,292.0,118.0,457.0,436.0,0.323,141.0,108.0,20.0,2.0,11.0,52.0,47.0,13.0,1.0,42.0,3.0,4.0,3.0,3.0,42.0,1465.0
252,2019.0,Tyler Flowers,Braves,33.0,122.0,74.0,267.0,237.0,0.236,56.0,34.0,9.0,3.0,10.0,33.0,27.0,26.0,3.0,88.0,3.0,0.0,0.0,3.0,88.0,1057.0
26,2019.0,Keston Hiura,Brewers,22.0,212.0,70.0,295.0,266.0,0.301,80.0,42.0,20.0,2.0,16.0,44.0,43.0,23.0,1.0,89.0,6.0,9.0,3.0,6.0,89.0,1167.0
84,2019.0,Carson Kelly,Diamondbacks,24.0,245.0,95.0,309.0,266.0,0.259,69.0,34.0,17.0,0.0,18.0,38.0,43.0,40.0,10.0,62.0,2.0,0.0,0.0,2.0,62.0,1324.0
63,2019.0,Miguel Sano,Twins,26.0,256.0,86.0,358.0,310.0,0.235,73.0,29.0,17.0,1.0,26.0,61.0,58.0,45.0,0.0,129.0,2.0,0.0,1.0,2.0,129.0,1571.0
54,2019.0,J.D. Davis,Mets,26.0,272.0,119.0,384.0,345.0,0.301,104.0,68.0,17.0,1.0,18.0,54.0,49.0,35.0,2.0,84.0,2.0,3.0,0.0,2.0,84.0,1521.0
140,2019.0,Gary Sanchez,Yankees,26.0,309.0,98.0,415.0,373.0,0.233,87.0,43.0,11.0,1.0,32.0,55.0,71.0,34.0,3.0,114.0,7.0,0.0,0.0,7.0,114.0,1720.0
127,2019.0,Daniel Vogelbach,Mariners,26.0,349.0,125.0,497.0,411.0,0.217,89.0,44.0,16.0,0.0,29.0,70.0,72.0,82.0,2.0,127.0,2.0,0.0,0.0,2.0,127.0,2242.0
199,2019.0,Hunter Renfroe,Padres,27.0,294.0,125.0,450.0,404.0,0.225,91.0,40.0,19.0,1.0,31.0,59.0,62.0,39.0,1.0,138.0,1.0,4.0,0.0,1.0,138.0,1838.0
238,2019.0,Amed Rosario,Mets,23.0,298.0,133.0,561.0,526.0,0.285,150.0,105.0,26.0,7.0,12.0,65.0,58.0,28.0,2.0,112.0,2.0,15.0,8.0,2.0,112.0,2076.0
241,2019.0,Victor Robles,Nationals,22.0,285.0,131.0,521.0,459.0,0.248,114.0,69.0,26.0,3.0,16.0,75.0,56.0,30.0,3.0,121.0,22.0,24.0,8.0,22.0,121.0,1941.0
39,2019.0,Hunter Pence,Rangers,36.0,268.0,83.0,316.0,286.0,0.297,85.0,49.0,17.0,1.0,18.0,53.0,59.0,26.0,0.0,69.0,2.0,6.0,1.0,2.0,69.0,1245.0
167,2019.0,Paul Goldschmidt,Cardinals,31.0,368.0,136.0,574.0,511.0,0.256,131.0,85.0,17.0,0.0,29.0,83.0,74.0,57.0,1.0,141.0,2.0,2.0,1.0,2.0,141.0,2412.0
182,2019.0,James McCann,White Sox,29.0,219.0,102.0,410.0,379.0,0.274,104.0,66.0,22.0,1.0,15.0,55.0,50.0,24.0,1.0,117.0,6.0,4.0,1.0,6.0,117.0,1713.0
243,2019.0,Niko Goodrum,Tigers,27.0,226.0,112.0,472.0,423.0,0.248,105.0,61.0,27.0,5.0,12.0,61.0,45.0,46.0,1.0,138.0,1.0,12.0,3.0,1.0,138.0,1964.0
267,2019.0,Manuel Margot,Padres,24.0,228.0,127.0,378.0,339.0,0.245,83.0,52.0,19.0,1.0,11.0,54.0,32.0,35.0,1.0,70.0,2.0,19.0,2.0,2.0,70.0,1492.0
287,2019.0,Willy Adames,Rays,23.0,227.0,130.0,509.0,464.0,0.248,115.0,77.0,20.0,1.0,17.0,58.0,42.0,39.0,1.0,137.0,3.0,4.0,2.0,3.0,137.0,2041.0
8,2019.0,Will Smith,Dodgers,24.0,140.0,38.0,134.0,117.0,0.282,33.0,12.0,8.0,0.0,13.0,23.0,34.0,13.0,1.0,38.0,2.0,1.0,0.0,2.0,38.0,574.0
24,2019.0,Charlie Blackmon,Rockies,32.0,463.0,119.0,546.0,506.0,0.32,162.0,88.0,40.0,7.0,27.0,100.0,75.0,31.0,1.0,93.0,6.0,2.0,4.0,6.0,93.0,2042.0
74,2019.0,Lourdes Gurriel Jr.,Blue Jays,25.0,239.0,79.0,321.0,294.0,0.279,82.0,43.0,18.0,2.0,19.0,50.0,47.0,20.0,0.0,79.0,4.0,6.0,4.0,4.0,79.0,1193.0
100,2019.0,Danny Santana,Rangers,28.0,298.0,110.0,427.0,404.0,0.29,117.0,66.0,21.0,6.0,24.0,66.0,63.0,15.0,2.0,125.0,3.0,13.0,6.0,3.0,125.0,1591.0
193,2019.0,Dansby Swanson,Braves,25.0,292.0,106.0,456.0,407.0,0.26,106.0,64.0,22.0,3.0,17.0,66.0,60.0,38.0,1.0,95.0,5.0,7.0,4.0,5.0,95.0,1847.0
265,2019.0,Miguel Rojas,Marlins,30.0,212.0,109.0,423.0,384.0,0.286,110.0,83.0,22.0,1.0,4.0,44.0,33.0,30.0,2.0,52.0,4.0,6.0,5.0,4.0,52.0,1518.0
105,2019.0,Shohei Ohtani,Angels,24.0,255.0,98.0,392.0,353.0,0.289,102.0,65.0,17.0,4.0,16.0,48.0,54.0,32.0,1.0,95.0,2.0,11.0,3.0,2.0,95.0,1554.0
145,2019.0,Chris Taylor,Dodgers,28.0,208.0,103.0,347.0,307.0,0.27,83.0,44.0,24.0,4.0,11.0,42.0,47.0,32.0,3.0,93.0,2.0,7.0,0.0,2.0,93.0,1458.0
153,2019.0,David Peralta,Diamondbacks,31.0,256.0,99.0,423.0,382.0,0.275,105.0,61.0,29.0,3.0,12.0,48.0,57.0,35.0,3.0,87.0,5.0,0.0,0.0,5.0,87.0,1562.0
260,2019.0,Freddy Galvis,- - -,29.0,302.0,136.0,552.0,525.0,0.267,140.0,90.0,27.0,1.0,22.0,66.0,65.0,24.0,1.0,136.0,0.0,4.0,1.0,0.0,136.0,2142.0
327,2019.0,Kevin Kiermaier,Rays,29.0,253.0,111.0,425.0,398.0,0.241,96.0,58.0,18.0,7.0,13.0,54.0,53.0,24.0,2.0,88.0,1.0,19.0,4.0,1.0,88.0,1584.0
417,2019.0,Austin Hedges,Padres,26.0,99.0,86.0,296.0,268.0,0.194,52.0,32.0,9.0,1.0,10.0,23.0,34.0,20.0,1.0,93.0,5.0,1.0,0.0,5.0,93.0,1164.0
48,2019.0,Luke Voit,Yankees,28.0,270.0,98.0,432.0,363.0,0.275,100.0,63.0,17.0,1.0,19.0,61.0,54.0,60.0,2.0,121.0,8.0,0.0,0.0,8.0,121.0,1695.0
108,2019.0,Anthony Santander,Orioles,24.0,228.0,76.0,326.0,304.0,0.293,89.0,53.0,19.0,1.0,16.0,38.0,47.0,16.0,0.0,62.0,2.0,1.0,2.0,2.0,62.0,1332.0
120,2019.0,Mike Yastrzemski,Giants,28.0,226.0,84.0,314.0,286.0,0.266,76.0,40.0,15.0,3.0,18.0,50.0,48.0,21.0,1.0,79.0,3.0,1.0,3.0,3.0,79.0,1213.0
130,2019.0,Yandy Diaz,Rays,27.0,241.0,78.0,344.0,304.0,0.27,82.0,47.0,20.0,1.0,14.0,53.0,38.0,35.0,1.0,60.0,1.0,2.0,2.0,1.0,60.0,1294.0
122,2019.0,Omar Narvaez,Mariners,27.0,281.0,112.0,422.0,373.0,0.282,105.0,76.0,10.0,0.0,19.0,58.0,49.0,42.0,1.0,79.0,4.0,0.0,0.0,4.0,79.0,1741.0
191,2019.0,Robinson Chirinos,Astros,35.0,199.0,102.0,391.0,329.0,0.234,77.0,42.0,20.0,0.0,15.0,50.0,49.0,44.0,1.0,115.0,11.0,0.0,2.0,11.0,115.0,1542.0
247,2019.0,Adam Frazier,Pirates,27.0,289.0,127.0,515.0,470.0,0.274,129.0,88.0,28.0,5.0,8.0,68.0,38.0,34.0,4.0,62.0,7.0,4.0,4.0,7.0,62.0,1953.0
262,2019.0,Jose Iglesias,Reds,29.0,261.0,127.0,461.0,439.0,0.296,130.0,100.0,18.0,3.0,9.0,56.0,50.0,16.0,3.0,63.0,3.0,5.0,5.0,3.0,63.0,1671.0
290,2019.0,Elvis Andrus,Rangers,30.0,325.0,125.0,551.0,511.0,0.278,142.0,102.0,26.0,4.0,10.0,69.0,61.0,28.0,0.0,80.0,4.0,27.0,6.0,4.0,80.0,2157.0
93,2019.0,Eric Thames,Brewers,32.0,237.0,125.0,378.0,326.0,0.258,84.0,44.0,19.0,2.0,19.0,54.0,51.0,44.0,4.0,119.0,6.0,3.0,2.0,6.0,119.0,1585.0
70,2019.0,Brock Holt,Red Sox,31.0,133.0,67.0,220.0,190.0,0.321,61.0,44.0,12.0,2.0,3.0,31.0,27.0,22.0,0.0,40.0,4.0,1.0,0.0,4.0,40.0,930.0
69,2019.0,Luis Arraez,Twins,22.0,185.0,70.0,272.0,241.0,0.34,82.0,65.0,13.0,1.0,3.0,45.0,22.0,27.0,1.0,22.0,1.0,2.0,2.0,1.0,22.0,1115.0
86,2019.0,Andrew McCutchen,Phillies,32.0,183.0,59.0,262.0,219.0,0.256,56.0,33.0,12.0,1.0,10.0,45.0,29.0,43.0,0.0,55.0,0.0,2.0,1.0,0.0,55.0,1165.0
114,2019.0,Derek Dietrich,Reds,29.0,196.0,105.0,292.0,237.0,0.198,47.0,18.0,8.0,2.0,19.0,41.0,43.0,28.0,2.0,72.0,25.0,1.0,1.0,25.0,72.0,1138.0
97,2019.0,Shin-Soo Choo,Rangers,36.0,337.0,130.0,566.0,484.0,0.264,128.0,77.0,28.0,2.0,21.0,79.0,50.0,67.0,3.0,137.0,14.0,11.0,1.0,14.0,137.0,2323.0
186,2019.0,Tyler Naquin,Indians,28.0,168.0,89.0,294.0,274.0,0.288,79.0,50.0,19.0,0.0,10.0,34.0,34.0,14.0,2.0,66.0,2.0,4.0,2.0,2.0,66.0,1094.0
158,2019.0,Jon Berti,Marlins,29.0,116.0,51.0,192.0,169.0,0.266,45.0,29.0,9.0,1.0,6.0,36.0,17.0,16.0,0.0,46.0,6.0,8.0,1.0,6.0,46.0,763.0
205,2019.0,Travis d'Arnaud,- - -,30.0,220.0,86.0,321.0,287.0,0.254,73.0,46.0,12.0,0.0,15.0,46.0,56.0,29.0,0.0,70.0,1.0,0.0,1.0,1.0,70.0,1225.0
314,2019.0,Andrelton Simmons,Angels,29.0,201.0,81.0,334.0,313.0,0.268,84.0,62.0,16.0,0.0,6.0,39.0,31.0,20.0,1.0,28.0,1.0,9.0,1.0,1.0,28.0,1104.0
7,2019.0,David Freese,Dodgers,36.0,150.0,68.0,166.0,142.0,0.303,43.0,21.0,12.0,0.0,10.0,33.0,28.0,23.0,0.0,39.0,1.0,0.0,0.0,1.0,39.0,672.0
14,2019.0,Bo Bichette,Blue Jays,21.0,108.0,32.0,148.0,140.0,0.329,46.0,23.0,15.0,0.0,8.0,23.0,14.0,8.0,0.0,37.0,0.0,3.0,4.0,0.0,37.0,614.0
30,2019.0,Austin Slater,Giants,26.0,96.0,50.0,148.0,124.0,0.282,35.0,18.0,9.0,3.0,5.0,18.0,21.0,22.0,1.0,42.0,2.0,1.0,0.0,2.0,42.0,616.0
66,2019.0,David Dahl,Rockies,25.0,272.0,100.0,413.0,374.0,0.302,113.0,65.0,28.0,5.0,15.0,67.0,61.0,28.0,0.0,110.0,4.0,4.0,4.0,4.0,110.0,1605.0
123,2019.0,Ryan Braun,Brewers,35.0,295.0,125.0,444.0,404.0,0.285,115.0,69.0,26.0,2.0,18.0,57.0,57.0,28.0,1.0,92.0,6.0,10.0,1.0,6.0,92.0,1621.0
117,2019.0,Victor Caratini,Cubs,25.0,138.0,73.0,215.0,188.0,0.271,51.0,33.0,9.0,0.0,9.0,25.0,29.0,25.0,0.0,47.0,1.0,1.0,0.0,1.0,47.0,842.0
183,2019.0,Jonathan Schoop,Twins,27.0,250.0,102.0,397.0,371.0,0.261,97.0,55.0,21.0,0.0,21.0,57.0,53.0,16.0,1.0,100.0,9.0,1.0,1.0,9.0,100.0,1422.0
152,2019.0,David Bote,Cubs,26.0,180.0,108.0,315.0,271.0,0.262,71.0,44.0,17.0,0.0,10.0,40.0,40.0,37.0,3.0,81.0,5.0,4.0,1.0,5.0,81.0,1264.0
172,2019.0,Dexter Fowler,Cardinals,33.0,267.0,127.0,469.0,401.0,0.249,100.0,62.0,21.0,1.0,16.0,56.0,58.0,56.0,1.0,110.0,8.0,7.0,4.0,8.0,110.0,1962.0
200,2019.0,Avisail Garcia,Rays,28.0,266.0,109.0,468.0,430.0,0.272,117.0,79.0,19.0,1.0,18.0,54.0,60.0,29.0,2.0,114.0,7.0,10.0,3.0,7.0,114.0,1673.0
190,2019.0,Brian Dozier,Nationals,32.0,257.0,123.0,448.0,386.0,0.236,91.0,53.0,19.0,0.0,19.0,49.0,45.0,57.0,2.0,100.0,4.0,3.0,4.0,4.0,100.0,1901.0
245,2019.0,Enrique Hernandez,Dodgers,27.0,257.0,112.0,406.0,363.0,0.245,89.0,54.0,17.0,1.0,17.0,50.0,60.0,33.0,3.0,85.0,6.0,3.0,0.0,6.0,85.0,1649.0
261,2019.0,Cesar Hernandez,Phillies,29.0,302.0,135.0,553.0,507.0,0.282,143.0,105.0,27.0,3.0,8.0,63.0,57.0,36.0,4.0,79.0,6.0,7.0,2.0,6.0,79.0,2118.0
273,2019.0,J.P. Crawford,Mariners,24.0,174.0,79.0,338.0,295.0,0.241,71.0,41.0,20.0,4.0,6.0,38.0,40.0,36.0,0.0,71.0,1.0,5.0,3.0,1.0,71.0,1459.0
89,2019.0,Jordan Luplow,Indians,25.0,152.0,70.0,218.0,193.0,0.269,52.0,28.0,13.0,0.0,11.0,32.0,29.0,23.0,0.0,53.0,1.0,3.0,2.0,1.0,53.0,912.0
104,2019.0,Donovan Solano,Giants,31.0,110.0,68.0,204.0,192.0,0.339,65.0,49.0,12.0,0.0,4.0,26.0,21.0,9.0,0.0,42.0,1.0,0.0,1.0,1.0,42.0,815.0
147,2019.0,Kyle Schwarber,Cubs,26.0,360.0,131.0,510.0,442.0,0.231,102.0,48.0,20.0,2.0,32.0,66.0,76.0,59.0,4.0,129.0,4.0,1.0,3.0,4.0,129.0,2105.0
149,2019.0,Jose Abreu,White Sox,32.0,404.0,136.0,588.0,543.0,0.282,153.0,93.0,32.0,0.0,28.0,68.0,104.0,29.0,3.0,125.0,9.0,2.0,2.0,9.0,125.0,2317.0
168,2019.0,Wilson Ramos,Mets,31.0,300.0,121.0,451.0,409.0,0.298,122.0,95.0,14.0,0.0,13.0,46.0,66.0,38.0,5.0,57.0,2.0,1.0,0.0,2.0,57.0,1468.0
178,2019.0,Jason Castro,Twins,32.0,137.0,67.0,238.0,207.0,0.237,49.0,28.0,9.0,0.0,12.0,37.0,29.0,27.0,0.0,74.0,2.0,0.0,0.0,2.0,74.0,989.0
212,2019.0,Jason Heyward,Cubs,29.0,309.0,127.0,511.0,449.0,0.252,113.0,75.0,16.0,4.0,18.0,65.0,49.0,56.0,5.0,98.0,4.0,8.0,3.0,4.0,98.0,1931.0
225,2019.0,Asdrubal Cabrera,- - -,33.0,275.0,111.0,437.0,383.0,0.248,95.0,59.0,21.0,0.0,15.0,55.0,73.0,46.0,2.0,96.0,3.0,4.0,0.0,3.0,96.0,1797.0
242,2019.0,Marwin Gonzalez,Twins,30.0,235.0,108.0,437.0,400.0,0.263,105.0,72.0,18.0,0.0,15.0,48.0,48.0,30.0,2.0,92.0,6.0,1.0,0.0,6.0,92.0,1681.0
282,2019.0,Jorge Alfaro,Marlins,26.0,138.0,106.0,384.0,362.0,0.268,97.0,71.0,11.0,1.0,14.0,36.0,44.0,13.0,0.0,135.0,7.0,3.0,3.0,7.0,135.0,1414.0
301,2019.0,Jake Marisnick,Astros,28.0,136.0,103.0,279.0,256.0,0.238,61.0,34.0,16.0,2.0,9.0,43.0,31.0,14.0,0.0,85.0,6.0,10.0,3.0,6.0,85.0,1097.0
286,2019.0,Luis Rengifo,Angels,22.0,161.0,96.0,369.0,323.0,0.245,79.0,52.0,18.0,3.0,6.0,42.0,31.0,37.0,0.0,78.0,5.0,1.0,5.0,5.0,78.0,1508.0
308,2019.0,Harrison Bader,Cardinals,25.0,144.0,104.0,311.0,263.0,0.213,56.0,34.0,12.0,3.0,7.0,42.0,28.0,38.0,4.0,81.0,8.0,7.0,3.0,8.0,81.0,1307.0
316,2019.0,Buster Posey,Giants,32.0,184.0,101.0,393.0,358.0,0.251,90.0,60.0,24.0,0.0,6.0,38.0,35.0,30.0,0.0,63.0,4.0,0.0,0.0,4.0,63.0,1562.0
337,2019.0,Yolmer Sanchez,White Sox,27.0,170.0,127.0,465.0,416.0,0.26,108.0,85.0,17.0,4.0,2.0,53.0,34.0,38.0,1.0,100.0,4.0,5.0,4.0,4.0,100.0,1890.0
376,2019.0,Danny Jansen,Blue Jays,24.0,174.0,99.0,351.0,317.0,0.208,66.0,41.0,12.0,1.0,12.0,36.0,42.0,28.0,0.0,72.0,4.0,0.0,0.0,4.0,72.0,1334.0
0,2019.0,Aristides Aquino,Reds,25.0,156.0,32.0,124.0,112.0,0.313,35.0,16.0,4.0,0.0,15.0,23.0,34.0,10.0,2.0,29.0,2.0,2.0,0.0,2.0,29.0,509.0
67,2019.0,Cameron Maybin,Yankees,32.0,146.0,65.0,220.0,196.0,0.291,57.0,34.0,15.0,0.0,8.0,40.0,26.0,24.0,0.0,59.0,0.0,7.0,4.0,0.0,59.0,922.0
253,2019.0,Tommy Edman,Cardinals,24.0,144.0,68.0,242.0,231.0,0.281,65.0,45.0,12.0,3.0,5.0,37.0,22.0,10.0,0.0,43.0,1.0,11.0,1.0,1.0,43.0,952.0
299,2019.0,Kevin Pillar,- - -,30.0,366.0,137.0,543.0,515.0,0.258,133.0,76.0,35.0,2.0,20.0,72.0,76.0,14.0,4.0,78.0,8.0,11.0,5.0,8.0,78.0,1771.0
235,2019.0,Greg Garcia,Padres,29.0,140.0,110.0,292.0,250.0,0.252,63.0,44.0,12.0,3.0,4.0,44.0,29.0,36.0,0.0,68.0,3.0,0.0,2.0,3.0,68.0,1240.0
324,2019.0,Leury Garcia,White Sox,28.0,236.0,125.0,551.0,513.0,0.277,142.0,106.0,26.0,3.0,7.0,85.0,38.0,19.0,0.0,126.0,6.0,15.0,4.0,6.0,126.0,1955.0
185,2019.0,Eddie Rosario,Twins,27.0,410.0,115.0,497.0,473.0,0.281,133.0,85.0,20.0,1.0,27.0,78.0,92.0,18.0,1.0,71.0,0.0,3.0,1.0,0.0,71.0,1734.0
169,2019.0,Austin Nola,Mariners,29.0,105.0,58.0,181.0,164.0,0.274,45.0,29.0,8.0,1.0,7.0,25.0,18.0,12.0,1.0,41.0,3.0,0.0,0.0,3.0,41.0,669.0
201,2019.0,Mitch Haniger,Mariners,28.0,176.0,63.0,283.0,246.0,0.22,54.0,25.0,13.0,1.0,15.0,46.0,32.0,30.0,1.0,81.0,5.0,4.0,0.0,5.0,81.0,1222.0
255,2019.0,Todd Frazier,Mets,33.0,246.0,112.0,431.0,390.0,0.236,92.0,57.0,15.0,2.0,18.0,51.0,59.0,31.0,0.0,95.0,10.0,1.0,2.0,10.0,95.0,1718.0
271,2019.0,Jackie Bradley Jr.,Red Sox,29.0,241.0,123.0,477.0,413.0,0.22,91.0,50.0,21.0,3.0,17.0,56.0,51.0,48.0,3.0,124.0,11.0,7.0,3.0,11.0,124.0,1828.0
291,2019.0,Jason Kipnis,Indians,32.0,282.0,111.0,472.0,421.0,0.247,104.0,66.0,21.0,1.0,16.0,48.0,62.0,39.0,2.0,82.0,1.0,7.0,1.0,1.0,82.0,1825.0
254,2019.0,Robbie Grossman,Athletics,29.0,217.0,117.0,433.0,374.0,0.251,94.0,67.0,19.0,2.0,6.0,52.0,34.0,56.0,1.0,78.0,1.0,9.0,4.0,1.0,78.0,1719.0
346,2019.0,Jarrod Dyson,Diamondbacks,34.0,206.0,113.0,401.0,360.0,0.242,87.0,68.0,10.0,2.0,7.0,58.0,24.0,39.0,0.0,75.0,1.0,28.0,4.0,1.0,75.0,1511.0
85,2019.0,Zack Greinke,- - -,35.0,41.0,31.0,54.0,48.0,0.271,13.0,5.0,4.0,1.0,3.0,7.0,8.0,2.0,0.0,11.0,0.0,1.0,0.0,0.0,11.0,171.0
107,2019.0,Matt Beaty,Dodgers,26.0,189.0,78.0,221.0,205.0,0.293,60.0,34.0,17.0,1.0,8.0,33.0,42.0,15.0,2.0,26.0,1.0,4.0,0.0,1.0,26.0,802.0
132,2019.0,Stephen Vogt,Giants,34.0,138.0,82.0,223.0,203.0,0.271,55.0,24.0,21.0,2.0,8.0,23.0,31.0,16.0,0.0,51.0,1.0,0.0,1.0,1.0,51.0,896.0
112,2019.0,Jesse Winker,Reds,25.0,259.0,113.0,384.0,338.0,0.269,91.0,56.0,17.0,2.0,16.0,51.0,38.0,38.0,2.0,60.0,8.0,0.0,2.0,8.0,60.0,1522.0
188,2019.0,Jay Bruce,- - -,32.0,245.0,82.0,309.0,286.0,0.227,65.0,24.0,17.0,0.0,24.0,41.0,57.0,19.0,0.0,75.0,1.0,1.0,0.0,1.0,75.0,1145.0
206,2019.0,Aaron Hicks,Yankees,29.0,157.0,59.0,255.0,221.0,0.235,52.0,30.0,10.0,0.0,12.0,41.0,36.0,31.0,0.0,72.0,0.0,1.0,2.0,0.0,72.0,1071.0
228,2019.0,Brian McCann,Braves,35.0,168.0,74.0,277.0,242.0,0.26,63.0,45.0,8.0,0.0,10.0,26.0,39.0,27.0,1.0,46.0,2.0,0.0,0.0,2.0,46.0,1113.0
208,2019.0,Cesar Puello,- - -,28.0,61.0,44.0,147.0,125.0,0.248,31.0,22.0,5.0,0.0,4.0,14.0,18.0,10.0,1.0,38.0,11.0,0.0,0.0,11.0,38.0,572.0
217,2019.0,Cavan Biggio,Blue Jays,24.0,183.0,80.0,338.0,280.0,0.214,60.0,35.0,13.0,0.0,12.0,47.0,35.0,56.0,0.0,97.0,0.0,9.0,0.0,0.0,97.0,1484.0
264,2019.0,Manny Pina,Brewers,32.0,76.0,70.0,162.0,146.0,0.233,34.0,20.0,7.0,0.0,7.0,10.0,22.0,13.0,1.0,46.0,3.0,0.0,0.0,3.0,46.0,682.0
295,2019.0,Delino DeShields,Rangers,26.0,141.0,99.0,340.0,292.0,0.25,73.0,53.0,13.0,3.0,4.0,35.0,29.0,35.0,0.0,85.0,3.0,20.0,5.0,3.0,85.0,1390.0
58,2019.0,Corey Dickerson,- - -,30.0,198.0,69.0,243.0,225.0,0.307,69.0,33.0,25.0,2.0,9.0,29.0,50.0,15.0,4.0,44.0,0.0,1.0,0.0,0.0,44.0,1010.0
79,2019.0,Jose Osuna,Pirates,26.0,149.0,70.0,182.0,167.0,0.281,47.0,22.0,15.0,0.0,10.0,28.0,31.0,11.0,0.0,33.0,1.0,0.0,0.0,1.0,33.0,678.0
64,2019.0,Wilmer Flores,Diamondbacks,27.0,156.0,71.0,218.0,202.0,0.322,65.0,44.0,14.0,0.0,7.0,25.0,27.0,12.0,0.0,22.0,3.0,0.0,0.0,3.0,22.0,843.0
101,2019.0,Mike Freeman,Indians,31.0,87.0,57.0,157.0,128.0,0.297,38.0,27.0,7.0,0.0,4.0,24.0,21.0,17.0,0.0,39.0,3.0,1.0,2.0,3.0,39.0,609.0
161,2019.0,Pablo Sandoval,Giants,32.0,203.0,108.0,296.0,272.0,0.268,73.0,36.0,23.0,0.0,14.0,42.0,41.0,18.0,2.0,67.0,1.0,1.0,0.0,1.0,67.0,1137.0
176,2019.0,Alex Avila,Diamondbacks,32.0,105.0,51.0,167.0,137.0,0.212,29.0,14.0,6.0,0.0,9.0,18.0,24.0,29.0,6.0,53.0,1.0,1.0,0.0,1.0,53.0,704.0
148,2019.0,Ryan McMahon,Rockies,24.0,283.0,120.0,459.0,409.0,0.262,107.0,65.0,21.0,1.0,20.0,62.0,74.0,49.0,1.0,137.0,0.0,5.0,1.0,0.0,137.0,1920.0
195,2019.0,Renato Nunez,Orioles,25.0,346.0,130.0,523.0,473.0,0.247,117.0,67.0,22.0,0.0,28.0,67.0,79.0,40.0,1.0,120.0,7.0,1.0,1.0,7.0,120.0,2175.0
173,2019.0,Ji-Man Choi,Rays,28.0,232.0,107.0,410.0,350.0,0.26,91.0,61.0,16.0,1.0,13.0,44.0,49.0,49.0,2.0,85.0,6.0,2.0,3.0,6.0,85.0,1684.0
232,2019.0,Nick Senzel,Reds,24.0,220.0,100.0,411.0,372.0,0.258,96.0,60.0,20.0,4.0,12.0,55.0,42.0,30.0,0.0,100.0,3.0,14.0,5.0,3.0,100.0,1608.0
256,2019.0,Teoscar Hernandez,Blue Jays,26.0,216.0,106.0,391.0,351.0,0.219,77.0,40.0,15.0,1.0,21.0,51.0,52.0,38.0,1.0,126.0,1.0,4.0,3.0,1.0,126.0,1603.0
226,2019.0,Ender Inciarte,Braves,28.0,136.0,65.0,230.0,199.0,0.246,49.0,31.0,11.0,2.0,5.0,30.0,24.0,26.0,2.0,41.0,4.0,7.0,1.0,4.0,41.0,902.0
257,2019.0,Ben Gamel,Brewers,27.0,131.0,112.0,301.0,265.0,0.253,67.0,45.0,15.0,0.0,7.0,41.0,29.0,31.0,2.0,89.0,3.0,2.0,2.0,3.0,89.0,1277.0
303,2019.0,Jacob Stallings,Pirates,29.0,79.0,55.0,160.0,144.0,0.271,39.0,31.0,4.0,0.0,4.0,20.0,10.0,13.0,5.0,32.0,2.0,0.0,0.0,2.0,32.0,543.0
341,2019.0,Russell Martin,Dodgers,36.0,90.0,74.0,223.0,186.0,0.215,40.0,31.0,4.0,0.0,5.0,26.0,16.0,27.0,3.0,51.0,8.0,0.0,0.0,8.0,51.0,958.0
53,2019.0,Alex Dickerson,- - -,29.0,124.0,57.0,163.0,149.0,0.295,44.0,23.0,12.0,3.0,6.0,28.0,26.0,12.0,1.0,35.0,2.0,1.0,1.0,2.0,35.0,598.0
60,2019.0,Matt Joyce,Braves,34.0,111.0,106.0,177.0,150.0,0.287,43.0,29.0,9.0,0.0,5.0,23.0,19.0,27.0,0.0,35.0,0.0,0.0,0.0,0.0,35.0,732.0
144,2019.0,Franmil Reyes,- - -,23.0,318.0,129.0,466.0,420.0,0.25,105.0,58.0,14.0,0.0,33.0,55.0,66.0,40.0,1.0,128.0,0.0,0.0,0.0,0.0,128.0,1786.0
202,2019.0,Austin Riley,Braves,22.0,160.0,66.0,255.0,236.0,0.242,57.0,30.0,9.0,1.0,17.0,38.0,45.0,13.0,3.0,90.0,5.0,0.0,2.0,5.0,90.0,959.0
216,2019.0,Yasiel Puig,- - -,28.0,337.0,128.0,523.0,479.0,0.253,121.0,72.0,23.0,2.0,24.0,65.0,73.0,35.0,1.0,115.0,6.0,17.0,7.0,6.0,115.0,1902.0
230,2019.0,Curt Casali,Reds,30.0,109.0,69.0,192.0,168.0,0.25,42.0,27.0,8.0,0.0,7.0,21.0,29.0,20.0,1.0,47.0,1.0,0.0,0.0,1.0,47.0,785.0
275,2019.0,Didi Gregorius,Yankees,29.0,195.0,63.0,263.0,249.0,0.253,63.0,39.0,10.0,1.0,13.0,37.0,47.0,11.0,0.0,40.0,1.0,1.0,1.0,1.0,40.0,1015.0
283,2019.0,Yadier Molina,Cardinals,36.0,215.0,90.0,352.0,329.0,0.277,91.0,63.0,20.0,0.0,8.0,37.0,48.0,16.0,0.0,41.0,3.0,4.0,0.0,3.0,41.0,1230.0
297,2019.0,Tucker Barnhart,Reds,28.0,155.0,92.0,299.0,258.0,0.233,60.0,39.0,12.0,0.0,9.0,28.0,36.0,37.0,7.0,71.0,2.0,1.0,0.0,2.0,71.0,1145.0
328,2019.0,Lorenzo Cain,Brewers,33.0,253.0,125.0,543.0,488.0,0.25,122.0,88.0,26.0,0.0,8.0,64.0,41.0,45.0,0.0,94.0,6.0,16.0,7.0,6.0,94.0,2196.0
78,2019.0,Dominic Smith,Mets,24.0,139.0,88.0,196.0,176.0,0.278,49.0,29.0,10.0,0.0,10.0,34.0,22.0,19.0,0.0,44.0,1.0,1.0,2.0,1.0,44.0,765.0
128,2019.0,Vladimir Guerrero Jr.,Blue Jays,20.0,282.0,104.0,430.0,385.0,0.278,107.0,68.0,23.0,1.0,15.0,47.0,59.0,42.0,0.0,72.0,2.0,0.0,1.0,2.0,72.0,1650.0
126,2019.0,Jake Cave,Twins,26.0,83.0,58.0,176.0,153.0,0.261,40.0,24.0,9.0,0.0,7.0,23.0,20.0,14.0,0.0,58.0,8.0,0.0,0.0,8.0,58.0,707.0
157,2019.0,Michael Brosseau,Rays,25.0,77.0,43.0,132.0,124.0,0.282,35.0,22.0,7.0,0.0,6.0,16.0,16.0,5.0,0.0,33.0,2.0,1.0,0.0,2.0,33.0,547.0
179,2019.0,Colin Moran,Pirates,26.0,261.0,131.0,436.0,402.0,0.291,117.0,77.0,26.0,1.0,13.0,43.0,77.0,28.0,4.0,100.0,2.0,0.0,1.0,2.0,100.0,1586.0
150,2019.0,Ehire Adrianza,Twins,29.0,131.0,80.0,223.0,191.0,0.283,54.0,39.0,7.0,3.0,5.0,34.0,21.0,20.0,1.0,35.0,6.0,0.0,2.0,6.0,35.0,821.0
214,2019.0,Michael Chavis,Red Sox,23.0,201.0,95.0,382.0,347.0,0.254,88.0,59.0,10.0,1.0,18.0,46.0,58.0,31.0,2.0,127.0,4.0,2.0,1.0,4.0,127.0,1493.0
187,2019.0,Dustin Garneau,- - -,31.0,57.0,35.0,101.0,86.0,0.244,21.0,13.0,5.0,0.0,3.0,14.0,14.0,10.0,0.0,22.0,4.0,0.0,0.0,4.0,22.0,402.0
209,2019.0,Garrett Cooper,Marlins,28.0,185.0,97.0,379.0,341.0,0.27,92.0,66.0,13.0,1.0,12.0,48.0,43.0,31.0,0.0,104.0,5.0,0.0,0.0,5.0,104.0,1552.0
240,2019.0,Victor Reyes,Tigers,24.0,79.0,45.0,186.0,176.0,0.301,53.0,39.0,10.0,3.0,1.0,21.0,14.0,9.0,0.0,41.0,0.0,4.0,2.0,0.0,41.0,773.0
259,2019.0,Oscar Mercado,Indians,24.0,221.0,91.0,380.0,346.0,0.266,92.0,61.0,19.0,2.0,10.0,54.0,36.0,21.0,0.0,64.0,5.0,12.0,3.0,5.0,64.0,1378.0
248,2019.0,Alex Gordon,Royals,35.0,315.0,130.0,555.0,490.0,0.259,127.0,84.0,30.0,1.0,12.0,69.0,65.0,44.0,3.0,87.0,14.0,5.0,3.0,14.0,87.0,2068.0
306,2019.0,Addison Russell,Cubs,25.0,107.0,71.0,212.0,188.0,0.239,45.0,32.0,4.0,1.0,8.0,21.0,22.0,20.0,2.0,50.0,1.0,1.0,0.0,1.0,50.0,833.0
220,2019.0,Tim Locastro,Diamondbacks,26.0,105.0,77.0,214.0,180.0,0.256,46.0,34.0,9.0,2.0,1.0,35.0,15.0,13.0,0.0,35.0,19.0,13.0,0.0,19.0,35.0,841.0
311,2019.0,Jurickson Profar,Athletics,26.0,292.0,117.0,441.0,393.0,0.214,84.0,44.0,21.0,1.0,18.0,57.0,59.0,38.0,2.0,67.0,8.0,7.0,1.0,8.0,67.0,1743.0
352,2019.0,Jacob deGrom,Mets,31.0,22.0,28.0,57.0,52.0,0.231,12.0,8.0,2.0,0.0,2.0,3.0,6.0,4.0,0.0,15.0,0.0,0.0,0.0,0.0,15.0,214.0
47,2019.0,Nathaniel Lowe,Rays,23.0,81.0,32.0,123.0,109.0,0.294,32.0,19.0,7.0,0.0,6.0,19.0,15.0,11.0,0.0,33.0,2.0,0.0,0.0,2.0,33.0,508.0
50,2019.0,Phillip Ervin,Reds,26.0,103.0,72.0,174.0,160.0,0.306,49.0,30.0,8.0,6.0,5.0,21.0,17.0,11.0,0.0,41.0,3.0,3.0,2.0,3.0,41.0,742.0
109,2019.0,Willie Calhoun,Rangers,24.0,196.0,60.0,237.0,223.0,0.274,61.0,34.0,10.0,1.0,16.0,35.0,36.0,12.0,0.0,40.0,1.0,0.0,0.0,1.0,40.0,901.0
180,2019.0,Eric Hosmer,Padres,29.0,353.0,136.0,574.0,532.0,0.288,153.0,104.0,27.0,2.0,20.0,67.0,90.0,36.0,3.0,125.0,2.0,0.0,2.0,2.0,125.0,2184.0
166,2019.0,Josh VanMeter,Reds,24.0,117.0,74.0,197.0,173.0,0.26,45.0,27.0,11.0,1.0,6.0,26.0,19.0,21.0,0.0,40.0,2.0,6.0,3.0,2.0,40.0,796.0
196,2019.0,Ian Happ,Cubs,24.0,67.0,34.0,95.0,84.0,0.226,19.0,10.0,3.0,1.0,5.0,16.0,13.0,11.0,0.0,23.0,0.0,1.0,0.0,0.0,23.0,386.0
210,2019.0,A.J. Pollock,Dodgers,31.0,170.0,68.0,271.0,243.0,0.263,64.0,40.0,13.0,1.0,10.0,40.0,36.0,20.0,1.0,59.0,4.0,4.0,1.0,4.0,59.0,997.0
221,2019.0,Pedro Severino,Orioles,25.0,166.0,82.0,302.0,271.0,0.258,70.0,47.0,12.0,0.0,11.0,32.0,39.0,24.0,0.0,68.0,4.0,3.0,1.0,4.0,68.0,1241.0
218,2019.0,Ryan Goins,White Sox,31.0,51.0,41.0,144.0,126.0,0.27,34.0,25.0,6.0,1.0,2.0,11.0,10.0,16.0,1.0,38.0,1.0,0.0,1.0,1.0,38.0,605.0
268,2019.0,Stephen Piscotty,Athletics,28.0,211.0,92.0,389.0,353.0,0.252,89.0,58.0,17.0,1.0,13.0,46.0,44.0,29.0,0.0,83.0,3.0,2.0,0.0,3.0,83.0,1478.0
231,2019.0,Terrance Gore,Royals,28.0,28.0,37.0,58.0,51.0,0.275,14.0,11.0,2.0,1.0,0.0,13.0,1.0,6.0,0.0,18.0,1.0,13.0,5.0,1.0,18.0,233.0
318,2019.0,Chad Pinder,Athletics,27.0,164.0,105.0,313.0,287.0,0.237,68.0,39.0,18.0,0.0,11.0,37.0,41.0,17.0,0.0,71.0,5.0,0.0,1.0,5.0,71.0,1118.0
333,2019.0,Mallex Smith,Mariners,26.0,221.0,116.0,507.0,457.0,0.241,110.0,76.0,19.0,9.0,6.0,65.0,35.0,38.0,0.0,125.0,9.0,39.0,8.0,9.0,125.0,2025.0
359,2019.0,Zack Wheeler,Mets,29.0,12.0,26.0,52.0,46.0,0.239,11.0,8.0,2.0,0.0,1.0,5.0,4.0,2.0,0.0,17.0,2.0,0.0,0.0,2.0,17.0,183.0
320,2019.0,Myles Straw,Astros,24.0,48.0,43.0,103.0,86.0,0.233,20.0,16.0,3.0,1.0,0.0,19.0,4.0,16.0,0.0,22.0,0.0,7.0,1.0,0.0,22.0,467.0
430,2019.0,Billy Hamilton,- - -,28.0,97.0,104.0,326.0,293.0,0.218,64.0,49.0,13.0,2.0,0.0,36.0,14.0,28.0,0.0,78.0,0.0,21.0,5.0,0.0,78.0,1280.0
125,2019.0,Reese McGuire,Blue Jays,24.0,40.0,16.0,55.0,53.0,0.283,15.0,9.0,2.0,0.0,4.0,7.0,6.0,1.0,0.0,11.0,0.0,0.0,0.0,0.0,11.0,183.0
165,2019.0,C.J. Cron,Twins,29.0,311.0,108.0,447.0,409.0,0.259,106.0,59.0,23.0,0.0,24.0,49.0,75.0,27.0,3.0,92.0,9.0,0.0,0.0,9.0,92.0,1747.0
177,2019.0,Aledmys Diaz,Astros,28.0,133.0,50.0,169.0,147.0,0.272,40.0,25.0,7.0,1.0,7.0,25.0,31.0,13.0,1.0,21.0,3.0,0.0,0.0,3.0,21.0,595.0
151,2019.0,Brad Miller,- - -,29.0,78.0,60.0,121.0,106.0,0.236,25.0,13.0,5.0,1.0,6.0,16.0,15.0,14.0,0.0,31.0,1.0,2.0,0.0,1.0,31.0,466.0
189,2019.0,Justin Smoak,Blue Jays,32.0,279.0,109.0,452.0,372.0,0.212,79.0,46.0,13.0,0.0,20.0,50.0,55.0,74.0,1.0,93.0,5.0,0.0,0.0,5.0,93.0,1865.0
234,2019.0,Francisco Mejia,Padres,23.0,117.0,70.0,222.0,205.0,0.263,54.0,36.0,8.0,2.0,8.0,26.0,20.0,12.0,1.0,49.0,4.0,1.0,0.0,4.0,49.0,830.0
263,2019.0,Dylan Moore,Mariners,26.0,87.0,96.0,230.0,198.0,0.212,42.0,21.0,12.0,2.0,7.0,26.0,21.0,23.0,0.0,74.0,8.0,7.0,9.0,8.0,74.0,959.0
302,2019.0,Matt Carpenter,Cardinals,33.0,193.0,108.0,429.0,363.0,0.215,78.0,49.0,15.0,2.0,12.0,52.0,36.0,56.0,0.0,113.0,5.0,6.0,1.0,5.0,113.0,1904.0
332,2019.0,Adam Haseley,Phillies,23.0,71.0,43.0,155.0,143.0,0.252,36.0,25.0,8.0,0.0,3.0,19.0,18.0,9.0,1.0,39.0,3.0,4.0,0.0,3.0,39.0,636.0
410,2019.0,Austin Barnes,Dodgers,29.0,103.0,71.0,236.0,207.0,0.198,41.0,24.0,11.0,1.0,5.0,27.0,23.0,22.0,3.0,54.0,5.0,3.0,0.0,5.0,54.0,913.0
420,2019.0,Max Fried,Braves,25.0,21.0,35.0,57.0,49.0,0.224,11.0,7.0,4.0,0.0,0.0,11.0,3.0,4.0,0.0,12.0,0.0,0.0,0.0,0.0,12.0,218.0
456,2019.0,Kenta Maeda,Dodgers,31.0,10.0,32.0,58.0,47.0,0.255,12.0,10.0,2.0,0.0,0.0,3.0,6.0,0.0,0.0,13.0,0.0,0.0,0.0,0.0,13.0,188.0
9,2019.0,Nick Solak,Rangers,24.0,34.0,13.0,51.0,42.0,0.333,14.0,9.0,3.0,1.0,1.0,9.0,5.0,6.0,1.0,12.0,3.0,1.0,0.0,3.0,12.0,202.0
110,2019.0,Mike Ford,Yankees,26.0,114.0,37.0,129.0,114.0,0.237,27.0,13.0,4.0,0.0,10.0,23.0,16.0,12.0,2.0,20.0,3.0,0.0,0.0,3.0,20.0,500.0
136,2019.0,Mitch Moreland,Red Sox,33.0,195.0,71.0,255.0,225.0,0.244,55.0,27.0,13.0,1.0,14.0,35.0,46.0,28.0,0.0,55.0,0.0,1.0,0.0,0.0,55.0,1024.0
203,2019.0,Nomar Mazara,Rangers,24.0,284.0,111.0,449.0,410.0,0.268,110.0,65.0,27.0,1.0,17.0,66.0,63.0,27.0,2.0,101.0,6.0,4.0,1.0,6.0,101.0,1814.0
154,2019.0,Tim Lopes,Mariners,25.0,43.0,24.0,86.0,73.0,0.288,21.0,16.0,4.0,0.0,1.0,8.0,11.0,11.0,0.0,18.0,1.0,3.0,2.0,1.0,18.0,343.0
204,2019.0,Joey Votto,Reds,35.0,278.0,121.0,522.0,455.0,0.259,118.0,78.0,26.0,1.0,13.0,67.0,41.0,60.0,2.0,107.0,4.0,4.0,0.0,4.0,107.0,2108.0
246,2019.0,Tim Beckham,Mariners,29.0,173.0,88.0,328.0,304.0,0.237,72.0,35.0,21.0,1.0,15.0,39.0,47.0,21.0,0.0,102.0,3.0,1.0,3.0,3.0,102.0,1352.0
233,2019.0,Adam Jones,Diamondbacks,33.0,283.0,122.0,471.0,434.0,0.27,117.0,77.0,24.0,1.0,15.0,63.0,61.0,25.0,2.0,87.0,8.0,2.0,1.0,8.0,87.0,1685.0
293,2019.0,Randal Grichuk,Blue Jays,27.0,284.0,130.0,541.0,501.0,0.234,117.0,66.0,24.0,3.0,24.0,63.0,62.0,34.0,0.0,143.0,4.0,2.0,1.0,4.0,143.0,2063.0
335,2019.0,Ronny Rodriguez,Tigers,27.0,144.0,70.0,245.0,231.0,0.225,52.0,24.0,12.0,3.0,13.0,26.0,39.0,9.0,0.0,67.0,0.0,3.0,1.0,0.0,67.0,865.0
312,2019.0,Josh Phegley,Athletics,31.0,190.0,94.0,304.0,278.0,0.248,69.0,42.0,17.0,0.0,10.0,40.0,53.0,13.0,0.0,51.0,6.0,0.0,1.0,6.0,51.0,1125.0
334,2019.0,Starlin Castro,Marlins,29.0,293.0,136.0,563.0,536.0,0.267,143.0,103.0,21.0,3.0,16.0,47.0,72.0,19.0,1.0,96.0,1.0,2.0,2.0,1.0,96.0,2098.0
357,2019.0,Adam Engel,White Sox,27.0,53.0,65.0,174.0,156.0,0.231,36.0,25.0,7.0,2.0,2.0,18.0,17.0,11.0,0.0,52.0,6.0,3.0,1.0,6.0,52.0,693.0
442,2019.0,Mike Zunino,Rays,28.0,81.0,77.0,267.0,244.0,0.172,42.0,23.0,10.0,1.0,8.0,28.0,30.0,20.0,0.0,91.0,3.0,0.0,0.0,3.0,91.0,1097.0
453,2019.0,Steven Matz,Mets,28.0,7.0,31.0,51.0,48.0,0.25,12.0,11.0,0.0,0.0,1.0,4.0,1.0,0.0,0.0,15.0,0.0,0.0,0.0,0.0,15.0,158.0
138,2019.0,Kyle Garlick,Dodgers,27.0,32.0,30.0,53.0,48.0,0.25,12.0,5.0,4.0,0.0,3.0,8.0,6.0,5.0,1.0,19.0,0.0,0.0,0.0,0.0,19.0,198.0
184,2019.0,Domingo Santana,Mariners,26.0,268.0,115.0,496.0,441.0,0.256,113.0,71.0,20.0,1.0,21.0,63.0,69.0,49.0,1.0,159.0,2.0,8.0,3.0,2.0,159.0,2083.0
224,2019.0,Matt Adams,Nationals,30.0,194.0,102.0,307.0,285.0,0.232,66.0,32.0,14.0,0.0,20.0,41.0,56.0,19.0,1.0,103.0,2.0,0.0,0.0,2.0,103.0,1213.0
250,2019.0,Eloy Jimenez,White Sox,22.0,233.0,100.0,406.0,377.0,0.247,93.0,60.0,10.0,1.0,22.0,50.0,54.0,25.0,0.0,111.0,2.0,0.0,0.0,2.0,111.0,1524.0
281,2019.0,Charlie Culberson,Braves,30.0,58.0,102.0,137.0,128.0,0.266,34.0,23.0,5.0,2.0,4.0,13.0,19.0,6.0,0.0,42.0,1.0,0.0,1.0,1.0,42.0,530.0
315,2019.0,Robinson Cano,Mets,36.0,186.0,86.0,346.0,325.0,0.252,82.0,49.0,23.0,0.0,10.0,37.0,32.0,17.0,3.0,58.0,3.0,0.0,0.0,3.0,58.0,1203.0
270,2019.0,Chad Wallach,Marlins,27.0,21.0,19.0,54.0,48.0,0.25,12.0,8.0,3.0,0.0,1.0,4.0,3.0,6.0,0.0,12.0,0.0,0.0,0.0,0.0,12.0,219.0
307,2019.0,Harold Ramirez,Marlins,24.0,182.0,94.0,359.0,341.0,0.27,92.0,65.0,17.0,1.0,9.0,45.0,42.0,13.0,1.0,77.0,4.0,2.0,0.0,4.0,77.0,1341.0
338,2019.0,Austin Romine,Yankees,30.0,105.0,60.0,196.0,187.0,0.262,49.0,35.0,8.0,0.0,6.0,20.0,31.0,7.0,0.0,40.0,0.0,1.0,1.0,0.0,40.0,706.0
272,2019.0,Brandon Nimmo,Mets,26.0,69.0,45.0,167.0,133.0,0.203,27.0,16.0,8.0,0.0,3.0,22.0,15.0,29.0,1.0,49.0,3.0,1.0,0.0,3.0,49.0,713.0
309,2019.0,Logan Forsythe,Rangers,32.0,147.0,98.0,354.0,305.0,0.226,69.0,45.0,16.0,1.0,7.0,37.0,38.0,43.0,0.0,95.0,3.0,2.0,0.0,3.0,95.0,1613.0
326,2019.0,Cam Gallagher,Royals,26.0,60.0,45.0,142.0,126.0,0.238,30.0,20.0,7.0,0.0,3.0,14.0,12.0,11.0,0.0,28.0,3.0,0.0,1.0,3.0,28.0,576.0
348,2019.0,Greg Allen,Indians,26.0,97.0,68.0,207.0,185.0,0.232,43.0,28.0,8.0,3.0,4.0,26.0,25.0,8.0,0.0,42.0,9.0,5.0,2.0,9.0,42.0,783.0
355,2019.0,Dee Gordon,Mariners,31.0,175.0,98.0,363.0,340.0,0.276,94.0,75.0,11.0,5.0,3.0,33.0,32.0,14.0,0.0,49.0,1.0,19.0,4.0,1.0,49.0,1259.0
353,2019.0,Rio Ruiz,Orioles,25.0,137.0,105.0,334.0,300.0,0.233,70.0,51.0,10.0,1.0,8.0,28.0,35.0,31.0,0.0,78.0,0.0,0.0,1.0,0.0,78.0,1293.0
383,2019.0,Martin Maldonado,- - -,32.0,134.0,92.0,330.0,297.0,0.212,63.0,37.0,17.0,0.0,9.0,37.0,22.0,25.0,1.0,76.0,5.0,0.0,0.0,5.0,76.0,1250.0
409,2019.0,Kevin Plawecki,Indians,28.0,61.0,53.0,154.0,140.0,0.214,30.0,19.0,8.0,0.0,3.0,12.0,15.0,10.0,0.0,28.0,3.0,0.0,1.0,3.0,28.0,587.0
446,2019.0,German Marquez,Rockies,24.0,19.0,29.0,58.0,48.0,0.229,11.0,6.0,4.0,1.0,0.0,5.0,11.0,0.0,0.0,14.0,0.0,0.0,0.0,0.0,14.0,161.0
482,2019.0,Stephen Strasburg,Nationals,30.0,13.0,29.0,70.0,63.0,0.175,11.0,9.0,1.0,0.0,1.0,4.0,9.0,3.0,0.0,20.0,0.0,0.0,0.0,0.0,20.0,279.0
480,2019.0,Madison Bumgarner,Giants,29.0,-9.0,31.0,65.0,54.0,0.13,7.0,6.0,0.0,0.0,1.0,3.0,3.0,8.0,0.0,35.0,0.0,0.0,0.0,0.0,35.0,280.0
142,2019.0,Clint Frazier,Yankees,24.0,134.0,55.0,215.0,196.0,0.276,54.0,32.0,11.0,0.0,11.0,25.0,34.0,14.0,1.0,59.0,2.0,1.0,2.0,2.0,59.0,848.0
155,2019.0,Daniel Murphy,Rockies,34.0,292.0,111.0,420.0,383.0,0.285,109.0,63.0,33.0,1.0,12.0,50.0,72.0,29.0,0.0,63.0,2.0,1.0,1.0,2.0,63.0,1606.0
175,2019.0,Kurt Suzuki,Nationals,35.0,225.0,77.0,288.0,261.0,0.264,69.0,44.0,10.0,0.0,15.0,33.0,54.0,18.0,1.0,34.0,6.0,0.0,1.0,6.0,34.0,977.0
163,2019.0,Josh Rojas,Diamondbacks,25.0,32.0,17.0,56.0,51.0,0.275,14.0,9.0,3.0,0.0,2.0,8.0,7.0,5.0,0.0,15.0,0.0,1.0,1.0,0.0,15.0,235.0
192,2019.0,Marco Hernandez,Red Sox,26.0,46.0,42.0,95.0,89.0,0.303,27.0,20.0,5.0,0.0,2.0,14.0,8.0,2.0,0.0,19.0,3.0,1.0,2.0,3.0,19.0,323.0
244,2019.0,Sean Rodriguez,Phillies,34.0,51.0,60.0,107.0,89.0,0.225,20.0,12.0,4.0,0.0,4.0,19.0,11.0,11.0,0.0,34.0,3.0,1.0,1.0,3.0,34.0,455.0
285,2019.0,Jordy Mercer,Tigers,32.0,99.0,59.0,221.0,210.0,0.267,56.0,37.0,12.0,0.0,7.0,17.0,15.0,9.0,1.0,46.0,2.0,0.0,0.0,2.0,46.0,874.0
251,2019.0,Neil Walker,Marlins,33.0,151.0,96.0,320.0,285.0,0.26,74.0,52.0,15.0,1.0,6.0,29.0,29.0,33.0,0.0,63.0,1.0,2.0,0.0,1.0,63.0,1256.0
289,2019.0,Wil Myers,Padres,28.0,174.0,132.0,411.0,364.0,0.225,82.0,50.0,17.0,0.0,15.0,51.0,42.0,44.0,0.0,143.0,2.0,12.0,6.0,2.0,143.0,1716.0
277,2019.0,Shed Long,Mariners,23.0,34.0,19.0,79.0,69.0,0.232,16.0,8.0,7.0,0.0,1.0,9.0,5.0,10.0,0.0,20.0,0.0,3.0,1.0,0.0,20.0,319.0
323,2019.0,Tyler Austin,- - -,27.0,76.0,73.0,153.0,134.0,0.187,25.0,13.0,3.0,1.0,8.0,26.0,20.0,19.0,0.0,60.0,0.0,1.0,0.0,0.0,60.0,678.0
367,2019.0,John Ryan Murphy,Diamondbacks,28.0,28.0,25.0,69.0,62.0,0.177,11.0,4.0,3.0,0.0,4.0,9.0,7.0,6.0,0.0,28.0,0.0,0.0,0.0,0.0,28.0,266.0
351,2019.0,Yan Gomes,Nationals,31.0,133.0,78.0,284.0,247.0,0.215,53.0,35.0,11.0,0.0,7.0,27.0,31.0,33.0,4.0,62.0,4.0,1.0,0.0,4.0,62.0,1140.0
361,2019.0,Brandon Crawford,Giants,32.0,223.0,126.0,481.0,434.0,0.23,100.0,66.0,22.0,2.0,10.0,52.0,51.0,41.0,3.0,101.0,3.0,3.0,2.0,3.0,101.0,1878.0
375,2019.0,Kristopher Negron,- - -,33.0,29.0,29.0,73.0,68.0,0.25,17.0,14.0,1.0,0.0,2.0,11.0,8.0,5.0,1.0,25.0,0.0,1.0,0.0,0.0,25.0,297.0
486,2019.0,Jack Flaherty,Cardinals,23.0,7.0,31.0,50.0,41.0,0.171,7.0,4.0,3.0,0.0,0.0,3.0,4.0,2.0,0.0,12.0,0.0,1.0,1.0,0.0,12.0,200.0
484,2019.0,Kyle Hendricks,Cubs,29.0,-8.0,27.0,53.0,45.0,0.178,8.0,7.0,1.0,0.0,0.0,1.0,4.0,2.0,0.0,24.0,1.0,0.0,0.0,1.0,24.0,190.0
162,2019.0,Nick Markakis,Braves,35.0,280.0,104.0,416.0,366.0,0.284,104.0,71.0,22.0,2.0,9.0,57.0,55.0,43.0,1.0,53.0,2.0,2.0,0.0,2.0,53.0,1678.0
215,2019.0,Adam Duvall,Braves,30.0,51.0,26.0,90.0,83.0,0.241,20.0,11.0,3.0,0.0,6.0,12.0,11.0,4.0,0.0,29.0,2.0,0.0,0.0,2.0,29.0,375.0
249,2019.0,Josh Naylor,Padres,22.0,122.0,71.0,211.0,193.0,0.259,50.0,32.0,11.0,0.0,7.0,24.0,29.0,17.0,1.0,45.0,0.0,1.0,1.0,0.0,45.0,848.0
222,2019.0,Jose Martinez,Cardinals,30.0,193.0,112.0,353.0,315.0,0.267,84.0,62.0,12.0,0.0,10.0,43.0,40.0,34.0,0.0,73.0,2.0,3.0,0.0,2.0,73.0,1480.0
274,2019.0,Brandon Dixon,Tigers,27.0,166.0,101.0,366.0,342.0,0.251,86.0,50.0,19.0,3.0,14.0,36.0,46.0,18.0,0.0,119.0,3.0,5.0,1.0,3.0,119.0,1468.0
223,2019.0,Brandon Belt,Giants,31.0,303.0,132.0,531.0,450.0,0.231,104.0,63.0,23.0,2.0,16.0,69.0,54.0,74.0,2.0,108.0,3.0,4.0,3.0,3.0,108.0,2214.0
276,2019.0,Thairo Estrada,Yankees,23.0,46.0,28.0,61.0,57.0,0.246,14.0,8.0,3.0,0.0,3.0,11.0,11.0,3.0,0.0,14.0,0.0,3.0,0.0,0.0,14.0,203.0
329,2019.0,Josh Reddick,Astros,32.0,261.0,123.0,488.0,444.0,0.264,117.0,88.0,16.0,3.0,10.0,48.0,44.0,32.0,1.0,55.0,0.0,4.0,2.0,0.0,55.0,1765.0
322,2019.0,Joey Rickard,- - -,28.0,60.0,53.0,162.0,142.0,0.218,31.0,18.0,8.0,2.0,3.0,13.0,8.0,17.0,1.0,38.0,3.0,3.0,2.0,3.0,38.0,669.0
342,2019.0,Derek Fisher,- - -,25.0,71.0,42.0,130.0,115.0,0.191,22.0,12.0,3.0,1.0,6.0,20.0,14.0,15.0,0.0,39.0,0.0,5.0,1.0,0.0,39.0,503.0
343,2019.0,Roman Quinn,Phillies,26.0,63.0,44.0,122.0,108.0,0.213,23.0,15.0,3.0,1.0,4.0,18.0,11.0,12.0,0.0,34.0,1.0,8.0,0.0,1.0,34.0,449.0
339,2019.0,Guillermo Heredia,Rays,28.0,81.0,75.0,208.0,182.0,0.225,41.0,26.0,11.0,0.0,4.0,26.0,17.0,17.0,0.0,52.0,6.0,2.0,1.0,6.0,52.0,821.0
368,2019.0,Adeiny Hechavarria,- - -,30.0,105.0,74.0,196.0,181.0,0.221,40.0,23.0,11.0,0.0,6.0,28.0,27.0,11.0,0.0,44.0,3.0,3.0,1.0,3.0,44.0,729.0
349,2019.0,Luis Guillorme,Mets,24.0,22.0,36.0,53.0,46.0,0.217,10.0,6.0,3.0,0.0,1.0,6.0,3.0,6.0,0.0,11.0,0.0,0.0,0.0,0.0,11.0,241.0
366,2019.0,Francisco Cervelli,- - -,33.0,40.0,38.0,137.0,121.0,0.223,27.0,18.0,7.0,1.0,1.0,12.0,8.0,11.0,0.0,33.0,4.0,1.0,0.0,4.0,33.0,546.0
401,2019.0,Jeimer Candelario,Tigers,25.0,106.0,73.0,308.0,273.0,0.198,54.0,34.0,12.0,1.0,7.0,27.0,24.0,31.0,1.0,82.0,4.0,3.0,1.0,4.0,82.0,1291.0
419,2019.0,Joey Wendle,Rays,29.0,66.0,53.0,185.0,165.0,0.212,35.0,22.0,11.0,1.0,1.0,19.0,13.0,9.0,0.0,32.0,8.0,5.0,1.0,8.0,32.0,713.0
492,2019.0,Sonny Gray,Reds,29.0,-2.0,30.0,55.0,41.0,0.146,6.0,5.0,0.0,1.0,0.0,2.0,3.0,2.0,0.0,17.0,0.0,0.0,0.0,0.0,17.0,191.0
495,2019.0,Noah Syndergaard,Mets,26.0,-14.0,27.0,61.0,57.0,0.105,6.0,3.0,1.0,0.0,2.0,6.0,2.0,3.0,0.0,42.0,0.0,0.0,0.0,0.0,42.0,235.0
497,2019.0,Hyun-Jin Ryu,Dodgers,32.0,-8.0,26.0,58.0,43.0,0.116,5.0,4.0,1.0,0.0,0.0,1.0,1.0,4.0,0.0,20.0,0.0,0.0,0.0,0.0,20.0,217.0
229,2019.0,Kevin Cron,Diamondbacks,26.0,42.0,29.0,65.0,59.0,0.203,12.0,3.0,4.0,0.0,5.0,10.0,15.0,4.0,0.0,27.0,1.0,0.0,1.0,1.0,27.0,263.0
292,2019.0,Robel Garcia,Cubs,26.0,29.0,21.0,67.0,62.0,0.21,13.0,5.0,2.0,2.0,4.0,6.0,8.0,4.0,0.0,28.0,0.0,0.0,0.0,0.0,28.0,278.0
266,2019.0,Ryan Zimmerman,Nationals,34.0,74.0,34.0,136.0,121.0,0.248,30.0,18.0,8.0,0.0,4.0,13.0,17.0,13.0,0.0,27.0,0.0,0.0,0.0,0.0,27.0,551.0
269,2019.0,Tyler O'Neill,Cardinals,24.0,57.0,50.0,142.0,134.0,0.269,36.0,26.0,5.0,0.0,5.0,15.0,16.0,8.0,0.0,49.0,0.0,1.0,0.0,0.0,49.0,566.0
298,2019.0,Trent Grisham,Brewers,22.0,44.0,26.0,90.0,79.0,0.228,18.0,11.0,3.0,0.0,4.0,11.0,11.0,7.0,0.0,26.0,2.0,0.0,0.0,2.0,26.0,369.0
317,2019.0,Kyle Farmer,Reds,28.0,91.0,89.0,173.0,160.0,0.238,38.0,25.0,5.0,0.0,8.0,20.0,25.0,9.0,1.0,50.0,3.0,4.0,1.0,3.0,50.0,737.0
284,2019.0,Jake Lamb,Diamondbacks,28.0,89.0,58.0,176.0,147.0,0.204,30.0,17.0,6.0,2.0,5.0,23.0,21.0,24.0,1.0,45.0,4.0,0.0,0.0,4.0,45.0,759.0
331,2019.0,Ty France,Padres,24.0,68.0,50.0,150.0,139.0,0.237,33.0,21.0,6.0,1.0,5.0,14.0,19.0,5.0,0.0,34.0,5.0,0.0,2.0,5.0,34.0,585.0
319,2019.0,Christian Arroyo,Rays,24.0,25.0,16.0,57.0,50.0,0.22,11.0,7.0,2.0,0.0,2.0,8.0,7.0,5.0,0.0,18.0,1.0,0.0,0.0,1.0,18.0,231.0
358,2019.0,Kelvin Gutierrez,Royals,24.0,25.0,20.0,79.0,73.0,0.26,19.0,15.0,2.0,1.0,1.0,4.0,11.0,5.0,0.0,24.0,0.0,1.0,0.0,0.0,24.0,314.0
378,2019.0,Tony Kemp,- - -,27.0,118.0,91.0,241.0,213.0,0.211,45.0,28.0,7.0,3.0,7.0,25.0,22.0,18.0,1.0,41.0,5.0,4.0,4.0,5.0,41.0,872.0
370,2019.0,Gordon Beckham,Tigers,32.0,76.0,74.0,226.0,209.0,0.22,46.0,26.0,13.0,2.0,5.0,25.0,14.0,13.0,0.0,65.0,4.0,2.0,1.0,4.0,65.0,943.0
389,2019.0,Rafael Ortega,Braves,28.0,27.0,16.0,57.0,52.0,0.231,12.0,9.0,2.0,0.0,1.0,5.0,7.0,5.0,0.0,11.0,0.0,2.0,0.0,0.0,11.0,243.0
380,2019.0,Ben Zobrist,Cubs,38.0,45.0,26.0,99.0,83.0,0.241,20.0,19.0,1.0,0.0,0.0,12.0,10.0,14.0,0.0,12.0,0.0,0.0,0.0,0.0,12.0,415.0
435,2019.0,Tim Federowicz,Rangers,31.0,25.0,28.0,79.0,71.0,0.169,12.0,6.0,2.0,0.0,4.0,6.0,7.0,5.0,0.0,28.0,0.0,1.0,0.0,0.0,28.0,342.0
474,2019.0,Wilfredo Tovar,Angels,27.0,21.0,31.0,88.0,83.0,0.193,16.0,11.0,5.0,0.0,0.0,5.0,5.0,5.0,0.0,15.0,0.0,0.0,0.0,0.0,15.0,334.0
499,2019.0,Jake Arrieta,Phillies,33.0,-4.0,24.0,50.0,45.0,0.156,7.0,6.0,1.0,0.0,0.0,2.0,4.0,1.0,0.0,19.0,0.0,0.0,0.0,0.0,19.0,186.0
501,2019.0,Max Scherzer,Nationals,34.0,-6.0,24.0,50.0,46.0,0.174,8.0,8.0,0.0,0.0,0.0,5.0,2.0,0.0,0.0,22.0,0.0,1.0,0.0,0.0,22.0,192.0
503,2019.0,Joe Musgrove,Pirates,26.0,-1.0,43.0,55.0,46.0,0.13,6.0,5.0,1.0,0.0,0.0,6.0,2.0,2.0,0.0,18.0,0.0,0.0,0.0,0.0,18.0,176.0
498,2019.0,Aaron Nola,Phillies,26.0,-10.0,29.0,62.0,51.0,0.098,5.0,4.0,1.0,0.0,0.0,6.0,2.0,6.0,0.0,30.0,0.0,0.0,0.0,0.0,30.0,259.0
504,2019.0,Walker Buehler,Dodgers,24.0,-8.0,26.0,60.0,53.0,0.094,5.0,4.0,0.0,0.0,1.0,5.0,2.0,4.0,0.0,29.0,0.0,0.0,0.0,0.0,29.0,258.0
236,2019.0,Albert Pujols,Angels,39.0,331.0,109.0,454.0,408.0,0.252,103.0,65.0,18.0,0.0,20.0,47.0,83.0,36.0,1.0,58.0,3.0,1.0,0.0,3.0,58.0,1723.0
219,2019.0,Chance Sisco,Orioles,24.0,86.0,48.0,168.0,146.0,0.219,32.0,18.0,6.0,0.0,8.0,25.0,20.0,15.0,0.0,51.0,7.0,0.0,1.0,7.0,51.0,715.0
304,2019.0,Justin Upton,Angels,31.0,124.0,56.0,228.0,194.0,0.211,41.0,24.0,7.0,0.0,10.0,31.0,35.0,29.0,0.0,70.0,0.0,1.0,0.0,0.0,70.0,1011.0
325,2019.0,Travis Demeritte,Tigers,24.0,38.0,29.0,115.0,103.0,0.243,25.0,18.0,3.0,2.0,2.0,13.0,8.0,11.0,0.0,39.0,0.0,3.0,0.0,0.0,39.0,478.0
384,2019.0,Hernan Perez,Brewers,28.0,75.0,74.0,198.0,186.0,0.242,45.0,31.0,9.0,0.0,5.0,24.0,12.0,10.0,0.0,53.0,0.0,4.0,1.0,0.0,53.0,759.0
393,2019.0,Meibrys Viloria,Royals,22.0,29.0,27.0,98.0,90.0,0.244,22.0,16.0,5.0,0.0,1.0,5.0,11.0,7.0,0.0,25.0,0.0,0.0,1.0,0.0,25.0,399.0
428,2019.0,Austin Allen,Padres,25.0,17.0,27.0,58.0,52.0,0.231,12.0,8.0,4.0,0.0,0.0,4.0,3.0,6.0,3.0,15.0,0.0,0.0,0.0,0.0,15.0,207.0
406,2019.0,Carlos Gomez,Mets,33.0,35.0,34.0,99.0,86.0,0.198,17.0,11.0,3.0,0.0,3.0,10.0,10.0,7.0,0.0,30.0,3.0,4.0,1.0,3.0,30.0,369.0
422,2019.0,Jace Peterson,Orioles,29.0,47.0,29.0,108.0,100.0,0.22,22.0,16.0,3.0,1.0,2.0,14.0,11.0,6.0,0.0,24.0,1.0,4.0,1.0,1.0,24.0,444.0
372,2019.0,JB Shuck,Pirates,32.0,16.0,27.0,57.0,47.0,0.213,10.0,9.0,0.0,1.0,0.0,4.0,2.0,8.0,0.0,10.0,1.0,1.0,1.0,1.0,10.0,231.0
404,2019.0,Tyler Wade,Yankees,24.0,27.0,26.0,70.0,60.0,0.217,13.0,11.0,1.0,0.0,1.0,10.0,6.0,7.0,0.0,21.0,1.0,6.0,0.0,1.0,21.0,264.0
415,2019.0,Andrew Knapp,Phillies,27.0,21.0,65.0,126.0,105.0,0.19,20.0,15.0,4.0,0.0,1.0,10.0,5.0,16.0,1.0,40.0,3.0,0.0,0.0,3.0,40.0,507.0
506,2019.0,Miles Mikolas,Cardinals,30.0,-13.0,28.0,54.0,51.0,0.137,7.0,6.0,1.0,0.0,0.0,0.0,2.0,0.0,0.0,23.0,0.0,0.0,0.0,0.0,23.0,172.0
507,2019.0,Clayton Kershaw,Dodgers,31.0,-3.0,24.0,56.0,43.0,0.116,5.0,4.0,1.0,0.0,0.0,1.0,1.0,1.0,0.0,12.0,0.0,0.0,0.0,0.0,12.0,201.0
174,2019.0,Bryan Holaday,Marlins,31.0,61.0,34.0,107.0,94.0,0.287,27.0,19.0,5.0,0.0,3.0,10.0,10.0,10.0,2.0,17.0,1.0,0.0,1.0,1.0,17.0,414.0
278,2019.0,Ryon Healy,Mariners,27.0,114.0,47.0,187.0,169.0,0.237,40.0,17.0,16.0,0.0,7.0,24.0,26.0,13.0,0.0,40.0,1.0,0.0,0.0,1.0,40.0,708.0
258,2019.0,JaCoby Jones,Tigers,27.0,155.0,88.0,333.0,298.0,0.235,70.0,37.0,19.0,3.0,11.0,39.0,26.0,27.0,2.0,94.0,6.0,7.0,2.0,6.0,94.0,1306.0
288,2019.0,Gregory Polanco,Pirates,27.0,83.0,42.0,167.0,153.0,0.242,37.0,22.0,8.0,1.0,6.0,23.0,17.0,12.0,1.0,49.0,1.0,3.0,1.0,1.0,49.0,679.0
279,2019.0,Jesus Aguilar,- - -,29.0,177.0,117.0,339.0,290.0,0.238,69.0,47.0,12.0,0.0,10.0,37.0,43.0,39.0,0.0,73.0,2.0,0.0,0.0,2.0,73.0,1384.0
305,2019.0,Jake Bauers,Indians,23.0,178.0,103.0,390.0,348.0,0.236,82.0,53.0,16.0,1.0,12.0,44.0,43.0,36.0,0.0,104.0,3.0,2.0,3.0,3.0,104.0,1600.0
354,2019.0,Willians Astudillo,Twins,27.0,89.0,41.0,147.0,136.0,0.265,36.0,26.0,7.0,0.0,3.0,20.0,14.0,2.0,0.0,5.0,5.0,0.0,0.0,5.0,5.0,415.0
360,2019.0,Billy McKinney,Blue Jays,24.0,110.0,68.0,235.0,216.0,0.213,46.0,23.0,13.0,1.0,9.0,30.0,22.0,14.0,0.0,60.0,2.0,0.0,2.0,2.0,60.0,866.0
379,2019.0,Justin Bour,Angels,31.0,84.0,46.0,161.0,143.0,0.182,26.0,13.0,5.0,0.0,8.0,18.0,26.0,16.0,0.0,47.0,1.0,0.0,0.0,1.0,47.0,692.0
382,2019.0,Ian Kinsler,Padres,37.0,126.0,87.0,281.0,258.0,0.217,56.0,35.0,12.0,0.0,9.0,28.0,22.0,19.0,0.0,54.0,3.0,2.0,4.0,3.0,54.0,1082.0
392,2019.0,Ryan Cordell,White Sox,27.0,70.0,83.0,218.0,196.0,0.224,44.0,31.0,7.0,0.0,6.0,18.0,20.0,13.0,0.0,64.0,3.0,2.0,0.0,3.0,64.0,856.0
403,2019.0,Andrew Knizner,Cardinals,24.0,26.0,14.0,50.0,46.0,0.196,9.0,5.0,2.0,0.0,2.0,6.0,6.0,3.0,0.0,12.0,1.0,2.0,0.0,1.0,12.0,167.0
377,2019.0,Hanley Ramirez,Indians,35.0,23.0,16.0,57.0,49.0,0.184,9.0,6.0,1.0,0.0,2.0,4.0,8.0,8.0,0.0,17.0,0.0,0.0,0.0,0.0,17.0,230.0
425,2019.0,Charlie Tilson,White Sox,26.0,48.0,54.0,157.0,144.0,0.229,33.0,27.0,5.0,0.0,1.0,16.0,12.0,10.0,1.0,38.0,3.0,4.0,0.0,3.0,38.0,595.0
440,2019.0,Cole Tucker,Pirates,22.0,36.0,41.0,123.0,113.0,0.195,22.0,12.0,8.0,0.0,2.0,11.0,10.0,8.0,1.0,34.0,1.0,0.0,0.0,1.0,34.0,491.0
444,2019.0,Phil Gosselin,Phillies,30.0,15.0,32.0,50.0,49.0,0.245,12.0,9.0,3.0,0.0,0.0,3.0,6.0,1.0,0.0,10.0,0.0,0.0,0.0,0.0,10.0,195.0
462,2019.0,Jesus Sucre,Orioles,31.0,12.0,21.0,67.0,62.0,0.21,13.0,11.0,2.0,0.0,0.0,3.0,3.0,4.0,0.0,13.0,1.0,0.0,0.0,1.0,13.0,279.0
511,2019.0,Julio Teheran,Braves,28.0,-9.0,31.0,55.0,50.0,0.12,6.0,5.0,1.0,0.0,0.0,1.0,4.0,0.0,0.0,21.0,0.0,0.0,0.0,0.0,21.0,184.0
508,2019.0,Yu Darvish,Cubs,32.0,-14.0,27.0,53.0,47.0,0.106,5.0,5.0,0.0,0.0,0.0,1.0,3.0,2.0,0.0,25.0,0.0,0.0,0.0,0.0,25.0,213.0
512,2019.0,Luis Castillo,Reds,26.0,-17.0,28.0,58.0,54.0,0.111,6.0,5.0,1.0,0.0,0.0,3.0,0.0,0.0,0.0,27.0,0.0,0.0,0.0,0.0,27.0,179.0
509,2019.0,Mike Soroka,Braves,21.0,-9.0,25.0,55.0,46.0,0.087,4.0,4.0,0.0,0.0,0.0,2.0,3.0,1.0,0.0,19.0,2.0,0.0,0.0,2.0,19.0,189.0
181,2019.0,Ian Desmond,Rockies,33.0,266.0,122.0,428.0,390.0,0.259,101.0,51.0,31.0,3.0,16.0,60.0,59.0,33.0,1.0,105.0,2.0,3.0,3.0,2.0,105.0,1618.0
227,2019.0,Miguel Cabrera,Tigers,36.0,226.0,119.0,482.0,435.0,0.283,123.0,93.0,20.0,0.0,10.0,36.0,52.0,40.0,3.0,98.0,3.0,0.0,0.0,3.0,98.0,1789.0
310,2019.0,Sam Travis,Red Sox,25.0,79.0,47.0,128.0,117.0,0.239,28.0,18.0,4.0,0.0,6.0,16.0,15.0,10.0,2.0,28.0,0.0,2.0,0.0,0.0,28.0,500.0
365,2019.0,Maikel Franco,Phillies,26.0,260.0,105.0,375.0,339.0,0.233,79.0,50.0,14.0,0.0,15.0,44.0,48.0,33.0,17.0,50.0,0.0,0.0,0.0,0.0,50.0,1325.0
350,2019.0,Jose Trevino,Rangers,26.0,26.0,21.0,55.0,53.0,0.245,13.0,7.0,4.0,0.0,2.0,8.0,6.0,1.0,0.0,16.0,0.0,0.0,0.0,0.0,16.0,185.0
344,2019.0,Ildemaro Vargas,Diamondbacks,27.0,111.0,79.0,187.0,177.0,0.26,46.0,34.0,7.0,0.0,5.0,23.0,21.0,9.0,0.0,21.0,0.0,1.0,0.0,0.0,21.0,694.0
371,2019.0,Yairo Munoz,Cardinals,24.0,72.0,79.0,171.0,164.0,0.268,44.0,34.0,7.0,1.0,2.0,20.0,13.0,5.0,0.0,34.0,1.0,8.0,3.0,1.0,34.0,614.0
385,2019.0,Joe Panik,- - -,28.0,219.0,125.0,467.0,417.0,0.24,100.0,74.0,21.0,2.0,3.0,46.0,35.0,40.0,2.0,46.0,4.0,4.0,2.0,4.0,46.0,1773.0
434,2019.0,Nick Hundley,Athletics,35.0,22.0,31.0,73.0,70.0,0.2,14.0,8.0,3.0,1.0,2.0,5.0,5.0,2.0,0.0,18.0,1.0,0.0,1.0,1.0,18.0,264.0
457,2019.0,Yangervis Solarte,Giants,31.0,30.0,28.0,78.0,73.0,0.205,15.0,9.0,5.0,0.0,1.0,9.0,7.0,4.0,1.0,16.0,0.0,0.0,0.0,0.0,16.0,311.0
437,2019.0,Michael A. Taylor,Nationals,28.0,8.0,43.0,85.0,76.0,0.211,16.0,11.0,5.0,0.0,0.0,6.0,2.0,7.0,0.0,32.0,0.0,4.0,0.0,0.0,32.0,345.0
441,2019.0,Chris Herrmann,Athletics,31.0,22.0,29.0,92.0,82.0,0.195,16.0,12.0,3.0,0.0,1.0,9.0,8.0,9.0,0.0,28.0,0.0,0.0,0.0,0.0,28.0,367.0
459,2019.0,Sandy Leon,Red Sox,30.0,52.0,55.0,166.0,149.0,0.181,27.0,20.0,2.0,0.0,5.0,12.0,16.0,11.0,0.0,41.0,1.0,0.0,0.0,1.0,41.0,670.0
485,2019.0,Luke Maile,Blue Jays,28.0,28.0,42.0,120.0,111.0,0.153,17.0,12.0,2.0,1.0,2.0,9.0,9.0,7.0,0.0,29.0,0.0,1.0,0.0,0.0,29.0,468.0
491,2019.0,Jack Mayfield,Astros,28.0,14.0,19.0,54.0,53.0,0.132,7.0,1.0,5.0,0.0,1.0,6.0,3.0,1.0,0.0,13.0,0.0,0.0,0.0,0.0,13.0,194.0
490,2019.0,Max Stassi,- - -,28.0,-1.0,50.0,145.0,130.0,0.138,18.0,16.0,1.0,0.0,1.0,7.0,5.0,12.0,0.0,49.0,1.0,0.0,0.0,1.0,49.0,547.0
513,2019.0,Patrick Corbin,Nationals,29.0,-12.0,28.0,63.0,56.0,0.071,4.0,3.0,1.0,0.0,0.0,2.0,3.0,3.0,0.0,25.0,0.0,0.0,0.0,0.0,25.0,219.0
515,2019.0,Jose Quintana,Cubs,30.0,-15.0,27.0,57.0,48.0,0.083,4.0,3.0,1.0,0.0,0.0,2.0,3.0,0.0,0.0,25.0,0.0,0.0,0.0,0.0,25.0,167.0
213,2019.0,Raimel Tapia,Rockies,25.0,206.0,117.0,393.0,373.0,0.29,108.0,73.0,22.0,5.0,8.0,49.0,38.0,20.0,0.0,83.0,0.0,5.0,3.0,0.0,83.0,1435.0
330,2019.0,Rowdy Tellez,Blue Jays,24.0,172.0,91.0,332.0,304.0,0.22,67.0,37.0,14.0,0.0,16.0,36.0,44.0,22.0,3.0,94.0,4.0,1.0,1.0,4.0,94.0,1307.0
340,2019.0,Matt Wieters,Cardinals,33.0,90.0,59.0,172.0,158.0,0.215,34.0,20.0,4.0,0.0,10.0,14.0,23.0,11.0,0.0,46.0,1.0,1.0,1.0,1.0,46.0,723.0
313,2019.0,Tony Wolters,Rockies,27.0,159.0,103.0,362.0,319.0,0.276,88.0,70.0,15.0,2.0,1.0,38.0,35.0,29.0,4.0,58.0,6.0,0.0,1.0,6.0,58.0,1352.0
369,2019.0,Matt Thaiss,Angels,24.0,61.0,39.0,120.0,108.0,0.185,20.0,10.0,4.0,0.0,6.0,13.0,19.0,12.0,0.0,37.0,0.0,0.0,0.0,0.0,37.0,513.0
394,2019.0,Brandon Drury,Blue Jays,26.0,169.0,107.0,398.0,374.0,0.222,83.0,50.0,18.0,1.0,14.0,37.0,40.0,20.0,0.0,101.0,1.0,0.0,0.0,1.0,101.0,1589.0
395,2019.0,Orlando Arcia,Brewers,24.0,233.0,130.0,473.0,426.0,0.223,95.0,68.0,12.0,1.0,14.0,47.0,49.0,41.0,5.0,92.0,0.0,8.0,4.0,0.0,92.0,1855.0
396,2019.0,Odubel Herrera,Phillies,27.0,51.0,39.0,139.0,126.0,0.222,28.0,16.0,10.0,1.0,1.0,12.0,16.0,11.0,0.0,33.0,1.0,2.0,2.0,1.0,33.0,533.0
381,2019.0,Kevan Smith,Angels,31.0,66.0,50.0,156.0,138.0,0.217,30.0,19.0,9.0,0.0,2.0,18.0,12.0,14.0,0.0,28.0,3.0,1.0,0.0,3.0,28.0,578.0
416,2019.0,Dawel Lugo,Tigers,24.0,69.0,55.0,198.0,187.0,0.235,44.0,31.0,6.0,4.0,3.0,17.0,17.0,5.0,0.0,43.0,3.0,0.0,0.0,3.0,43.0,710.0
398,2019.0,Daniel Robertson,Rays,25.0,62.0,59.0,206.0,178.0,0.202,36.0,26.0,8.0,0.0,2.0,22.0,15.0,23.0,0.0,52.0,5.0,1.0,1.0,5.0,52.0,864.0
424,2019.0,D.J. Stewart,Orioles,25.0,17.0,23.0,81.0,75.0,0.24,18.0,14.0,4.0,0.0,0.0,5.0,3.0,5.0,1.0,19.0,1.0,1.0,1.0,1.0,19.0,333.0
411,2019.0,Luis Urias,Padres,22.0,58.0,49.0,163.0,138.0,0.181,25.0,18.0,4.0,1.0,2.0,19.0,14.0,19.0,0.0,34.0,6.0,0.0,1.0,6.0,34.0,685.0
436,2019.0,Nicky Lopez,Royals,24.0,134.0,90.0,358.0,338.0,0.231,78.0,58.0,17.0,1.0,2.0,37.0,25.0,15.0,0.0,50.0,1.0,1.0,1.0,1.0,50.0,1365.0
455,2019.0,Tomas Nido,Mets,25.0,40.0,39.0,122.0,116.0,0.207,24.0,16.0,5.0,0.0,3.0,7.0,13.0,5.0,1.0,30.0,0.0,0.0,0.0,0.0,30.0,406.0
447,2019.0,Bubba Starling,Royals,26.0,37.0,39.0,151.0,142.0,0.211,30.0,23.0,4.0,0.0,3.0,19.0,9.0,7.0,0.0,48.0,1.0,1.0,0.0,1.0,48.0,536.0
449,2019.0,Matt Skole,White Sox,29.0,9.0,22.0,67.0,60.0,0.217,13.0,11.0,2.0,0.0,0.0,6.0,6.0,6.0,0.0,24.0,0.0,0.0,0.0,0.0,24.0,275.0
473,2019.0,Erik Gonzalez,Pirates,27.0,21.0,34.0,97.0,87.0,0.207,18.0,15.0,2.0,1.0,0.0,7.0,2.0,7.0,3.0,24.0,0.0,4.0,0.0,0.0,24.0,343.0
472,2019.0,Yadiel Rivera,Marlins,27.0,12.0,34.0,66.0,60.0,0.183,11.0,9.0,2.0,0.0,0.0,8.0,3.0,6.0,0.0,20.0,0.0,2.0,0.0,0.0,20.0,268.0
488,2019.0,Tyler Saladino,Brewers,29.0,14.0,28.0,71.0,65.0,0.123,8.0,6.0,0.0,0.0,2.0,7.0,8.0,5.0,0.0,26.0,1.0,2.0,0.0,1.0,26.0,287.0
493,2019.0,Erik Kratz,- - -,39.0,4.0,21.0,53.0,49.0,0.102,5.0,2.0,2.0,0.0,1.0,1.0,3.0,2.0,0.0,14.0,2.0,0.0,0.0,2.0,14.0,188.0
494,2019.0,Jonathan Davis,Blue Jays,27.0,6.0,18.0,52.0,50.0,0.14,7.0,6.0,0.0,0.0,1.0,3.0,2.0,2.0,0.0,13.0,0.0,1.0,1.0,0.0,13.0,213.0
500,2019.0,Isaac Galloway,Marlins,29.0,2.0,19.0,54.0,54.0,0.167,9.0,8.0,1.0,0.0,0.0,6.0,1.0,0.0,0.0,17.0,0.0,2.0,0.0,0.0,17.0,192.0
514,2019.0,Jon Gray,Rockies,27.0,-14.0,27.0,59.0,47.0,0.064,3.0,3.0,0.0,0.0,0.0,1.0,1.0,3.0,0.0,22.0,0.0,0.0,0.0,0.0,22.0,195.0
516,2019.0,Robbie Ray,Diamondbacks,27.0,-15.0,28.0,50.0,46.0,0.065,3.0,3.0,0.0,0.0,0.0,0.0,3.0,0.0,0.0,21.0,0.0,0.0,0.0,0.0,21.0,164.0
296,2019.0,Chris Iannetta,Rockies,36.0,80.0,52.0,164.0,144.0,0.222,32.0,16.0,10.0,0.0,6.0,20.0,21.0,18.0,3.0,54.0,1.0,0.0,0.0,1.0,54.0,672.0
345,2019.0,Ronald Guzman,Rangers,24.0,111.0,70.0,232.0,200.0,0.195,39.0,15.0,16.0,0.0,8.0,26.0,30.0,27.0,1.0,67.0,1.0,1.0,2.0,1.0,67.0,961.0
373,2019.0,Albert Almora Jr.,Cubs,25.0,184.0,116.0,346.0,323.0,0.241,78.0,54.0,11.0,1.0,12.0,40.0,32.0,15.0,3.0,58.0,1.0,2.0,1.0,1.0,58.0,1255.0
347,2019.0,Jonathan Lucroy,- - -,33.0,154.0,88.0,311.0,279.0,0.24,67.0,49.0,10.0,1.0,7.0,29.0,34.0,24.0,1.0,48.0,5.0,0.0,0.0,5.0,48.0,1279.0
362,2019.0,Harold Castro,Tigers,25.0,102.0,76.0,286.0,273.0,0.278,76.0,61.0,8.0,3.0,4.0,23.0,31.0,7.0,0.0,71.0,0.0,4.0,2.0,0.0,71.0,1021.0
364,2019.0,Rougned Odor,Rangers,25.0,239.0,123.0,491.0,441.0,0.193,85.0,39.0,24.0,1.0,21.0,60.0,70.0,44.0,2.0,153.0,4.0,8.0,8.0,4.0,153.0,1980.0
387,2019.0,Gerardo Parra,- - -,32.0,144.0,104.0,269.0,246.0,0.224,55.0,35.0,12.0,1.0,7.0,33.0,37.0,16.0,2.0,53.0,5.0,8.0,3.0,5.0,53.0,964.0
397,2019.0,Jose Peraza,Reds,25.0,145.0,119.0,335.0,312.0,0.237,74.0,54.0,12.0,2.0,6.0,31.0,33.0,13.0,0.0,52.0,8.0,5.0,5.0,8.0,52.0,1147.0
412,2019.0,Steven Duggar,Giants,25.0,86.0,73.0,281.0,261.0,0.234,61.0,43.0,12.0,2.0,4.0,26.0,28.0,16.0,0.0,78.0,1.0,1.0,4.0,1.0,78.0,1132.0
414,2019.0,Rosell Herrera,Marlins,26.0,46.0,63.0,119.0,105.0,0.2,21.0,13.0,6.0,0.0,2.0,10.0,11.0,11.0,1.0,27.0,2.0,4.0,1.0,2.0,27.0,484.0
423,2019.0,Wilmer Difo,Nationals,27.0,48.0,39.0,134.0,121.0,0.231,28.0,24.0,2.0,0.0,2.0,14.0,7.0,12.0,3.0,27.0,0.0,0.0,1.0,0.0,27.0,513.0
450,2019.0,Scooter Gennett,- - -,29.0,34.0,42.0,139.0,133.0,0.226,30.0,21.0,7.0,0.0,2.0,15.0,11.0,2.0,0.0,41.0,2.0,0.0,0.0,2.0,41.0,502.0
443,2019.0,Nicky Delmonico,White Sox,26.0,10.0,21.0,68.0,63.0,0.206,13.0,10.0,2.0,0.0,1.0,6.0,6.0,4.0,0.0,25.0,1.0,0.0,1.0,1.0,25.0,294.0
445,2019.0,Jedd Gyorko,- - -,30.0,27.0,49.0,83.0,75.0,0.187,14.0,11.0,1.0,0.0,2.0,5.0,8.0,8.0,0.0,21.0,0.0,2.0,0.0,0.0,21.0,352.0
466,2019.0,Blake Swihart,- - -,27.0,32.0,43.0,99.0,92.0,0.163,15.0,10.0,1.0,0.0,4.0,13.0,13.0,6.0,0.0,36.0,1.0,0.0,0.0,1.0,36.0,405.0
464,2019.0,Mac Williamson,- - -,28.0,42.0,40.0,144.0,128.0,0.156,20.0,15.0,1.0,0.0,4.0,13.0,17.0,14.0,0.0,44.0,2.0,2.0,1.0,2.0,44.0,615.0
469,2019.0,Jake Rogers,Tigers,24.0,18.0,25.0,95.0,81.0,0.111,9.0,4.0,1.0,0.0,4.0,9.0,8.0,11.0,0.0,40.0,1.0,0.0,0.0,1.0,40.0,409.0
483,2019.0,Pat Valaika,Rockies,26.0,2.0,28.0,59.0,53.0,0.132,7.0,5.0,1.0,0.0,1.0,6.0,2.0,6.0,0.0,25.0,0.0,0.0,0.0,0.0,25.0,218.0
294,2019.0,Christin Stewart,Tigers,25.0,141.0,81.0,327.0,285.0,0.239,68.0,39.0,21.0,1.0,7.0,27.0,33.0,31.0,3.0,78.0,6.0,0.0,1.0,6.0,78.0,1278.0
402,2019.0,Leonys Martin,Indians,31.0,92.0,65.0,264.0,236.0,0.199,47.0,31.0,7.0,0.0,9.0,32.0,19.0,21.0,0.0,78.0,4.0,4.0,5.0,4.0,78.0,1023.0
431,2019.0,J.T. Riddle,Marlins,27.0,52.0,51.0,139.0,132.0,0.189,25.0,13.0,6.0,0.0,6.0,15.0,12.0,5.0,1.0,42.0,2.0,0.0,0.0,2.0,42.0,482.0
427,2019.0,Carlos Gonzalez,- - -,33.0,42.0,45.0,166.0,145.0,0.2,29.0,23.0,3.0,0.0,3.0,21.0,10.0,18.0,1.0,52.0,1.0,0.0,3.0,1.0,52.0,635.0
421,2019.0,Matt Duffy,Rays,28.0,40.0,30.0,119.0,106.0,0.217,23.0,18.0,5.0,0.0,0.0,10.0,8.0,13.0,0.0,19.0,0.0,0.0,0.0,0.0,19.0,480.0
433,2019.0,Daniel Descalso,Cubs,32.0,52.0,73.0,185.0,160.0,0.181,29.0,21.0,5.0,1.0,2.0,19.0,15.0,23.0,0.0,52.0,0.0,2.0,1.0,0.0,52.0,784.0
448,2019.0,Jose Rondon,- - -,25.0,38.0,56.0,157.0,143.0,0.196,28.0,22.0,3.0,0.0,3.0,10.0,9.0,11.0,0.0,38.0,2.0,0.0,0.0,2.0,38.0,673.0
478,2019.0,Josh Harrison,Tigers,31.0,38.0,36.0,146.0,136.0,0.176,24.0,15.0,7.0,1.0,1.0,10.0,8.0,6.0,0.0,26.0,2.0,4.0,2.0,2.0,26.0,540.0
475,2019.0,Yonathan Daza,Rockies,25.0,14.0,31.0,81.0,77.0,0.208,16.0,15.0,0.0,1.0,0.0,6.0,2.0,4.0,0.0,16.0,0.0,0.0,0.0,0.0,16.0,286.0
470,2019.0,Scott Schebler,Reds,28.0,26.0,30.0,95.0,81.0,0.123,10.0,6.0,2.0,0.0,2.0,11.0,7.0,14.0,0.0,27.0,0.0,0.0,1.0,0.0,27.0,377.0
477,2019.0,Humberto Arteaga,Royals,25.0,21.0,34.0,116.0,106.0,0.189,20.0,17.0,3.0,0.0,0.0,10.0,4.0,6.0,0.0,22.0,2.0,1.0,1.0,2.0,22.0,459.0
300,2019.0,Melky Cabrera,Pirates,34.0,213.0,115.0,351.0,334.0,0.278,93.0,66.0,19.0,1.0,7.0,39.0,42.0,15.0,2.0,36.0,1.0,2.0,0.0,1.0,36.0,1204.0
321,2019.0,Dwight Smith Jr.,Orioles,26.0,201.0,85.0,345.0,315.0,0.235,74.0,45.0,15.0,2.0,12.0,41.0,48.0,23.0,0.0,68.0,3.0,5.0,1.0,3.0,68.0,1305.0
363,2019.0,Isiah Kiner-Falefa,Rangers,24.0,69.0,55.0,181.0,163.0,0.239,39.0,26.0,11.0,1.0,1.0,19.0,20.0,13.0,0.0,42.0,3.0,2.0,0.0,3.0,42.0,690.0
399,2019.0,Johan Camargo,Braves,25.0,130.0,91.0,238.0,223.0,0.229,51.0,33.0,11.0,1.0,6.0,28.0,31.0,14.0,2.0,40.0,0.0,1.0,0.0,0.0,40.0,849.0
390,2019.0,Tyler White,- - -,28.0,78.0,83.0,279.0,240.0,0.208,50.0,33.0,14.0,0.0,3.0,18.0,23.0,36.0,0.0,78.0,0.0,0.0,0.0,0.0,78.0,1249.0
458,2019.0,Brendan Rodgers,Rockies,22.0,11.0,25.0,81.0,76.0,0.224,17.0,15.0,2.0,0.0,0.0,8.0,7.0,4.0,0.0,27.0,1.0,0.0,0.0,1.0,27.0,294.0
465,2019.0,Keon Broxton,- - -,29.0,29.0,93.0,224.0,201.0,0.169,34.0,24.0,4.0,0.0,6.0,23.0,16.0,19.0,0.0,101.0,1.0,10.0,6.0,1.0,101.0,951.0
471,2019.0,Pablo Reyes,Pirates,25.0,29.0,49.0,91.0,85.0,0.176,15.0,11.0,2.0,0.0,2.0,10.0,10.0,5.0,0.0,23.0,1.0,1.0,1.0,1.0,23.0,344.0
496,2019.0,Cedric Mullins II,Orioles,24.0,12.0,22.0,74.0,64.0,0.094,6.0,4.0,0.0,2.0,0.0,7.0,4.0,4.0,0.0,14.0,3.0,1.0,0.0,3.0,14.0,295.0
336,2019.0,Khris Davis,Athletics,31.0,227.0,111.0,443.0,401.0,0.224,90.0,62.0,9.0,0.0,19.0,53.0,57.0,38.0,3.0,118.0,3.0,0.0,0.0,3.0,118.0,1696.0
391,2019.0,Steve Wilkerson,Orioles,27.0,113.0,100.0,314.0,291.0,0.216,63.0,37.0,15.0,1.0,10.0,34.0,34.0,15.0,0.0,99.0,6.0,2.0,3.0,6.0,99.0,1283.0
418,2019.0,John Hicks,Tigers,29.0,100.0,84.0,299.0,286.0,0.213,61.0,36.0,14.0,0.0,11.0,27.0,27.0,12.0,0.0,97.0,0.0,1.0,0.0,0.0,97.0,1133.0
408,2019.0,Mark Reynolds,Rockies,35.0,50.0,78.0,162.0,135.0,0.17,23.0,12.0,7.0,0.0,4.0,13.0,20.0,22.0,0.0,57.0,2.0,2.0,0.0,2.0,57.0,665.0
413,2019.0,Kendrys Morales,- - -,36.0,75.0,53.0,201.0,170.0,0.194,33.0,28.0,2.0,1.0,2.0,16.0,12.0,26.0,0.0,26.0,4.0,0.0,0.0,4.0,26.0,833.0
463,2019.0,Austin Dean,Marlins,25.0,36.0,41.0,113.0,109.0,0.202,22.0,13.0,6.0,0.0,3.0,7.0,13.0,3.0,1.0,31.0,0.0,0.0,0.0,0.0,31.0,443.0
479,2019.0,Matt Kemp,Reds,34.0,10.0,20.0,62.0,60.0,0.2,12.0,9.0,2.0,0.0,1.0,4.0,5.0,1.0,0.0,19.0,0.0,0.0,0.0,0.0,19.0,231.0
481,2019.0,Nick Williams,Phillies,25.0,8.0,61.0,108.0,102.0,0.157,16.0,10.0,4.0,0.0,2.0,9.0,5.0,4.0,0.0,40.0,2.0,0.0,0.0,2.0,40.0,442.0
356,2019.0,Cheslor Cuthbert,Royals,26.0,134.0,74.0,295.0,279.0,0.247,69.0,48.0,13.0,0.0,8.0,21.0,34.0,14.0,1.0,59.0,2.0,1.0,0.0,2.0,59.0,1149.0
388,2019.0,Jon Jay,White Sox,34.0,51.0,47.0,182.0,165.0,0.267,44.0,36.0,8.0,0.0,0.0,12.0,9.0,8.0,0.0,30.0,3.0,0.0,0.0,3.0,30.0,712.0
439,2019.0,Lucas Duda,Royals,33.0,44.0,39.0,119.0,105.0,0.171,18.0,10.0,4.0,0.0,4.0,7.0,15.0,11.0,1.0,32.0,1.0,0.0,0.0,1.0,32.0,523.0
467,2019.0,Grayson Greiner,Tigers,26.0,36.0,43.0,169.0,154.0,0.162,25.0,17.0,3.0,0.0,5.0,13.0,14.0,13.0,0.0,57.0,1.0,0.0,0.0,1.0,57.0,678.0
468,2019.0,Steve Pearce,Red Sox,36.0,19.0,29.0,99.0,89.0,0.18,16.0,11.0,4.0,0.0,1.0,9.0,9.0,7.0,0.0,31.0,1.0,0.0,0.0,1.0,31.0,441.0
476,2019.0,Lewis Brinson,Marlins,25.0,14.0,54.0,184.0,170.0,0.182,31.0,21.0,9.0,1.0,0.0,11.0,10.0,7.0,0.0,56.0,4.0,1.0,1.0,4.0,56.0,714.0
489,2019.0,Chris Owings,- - -,27.0,7.0,51.0,163.0,151.0,0.126,19.0,11.0,5.0,1.0,2.0,11.0,11.0,10.0,0.0,64.0,2.0,4.0,1.0,2.0,64.0,651.0
502,2019.0,Zack Cozart,Angels,33.0,14.0,38.0,107.0,97.0,0.124,12.0,10.0,2.0,0.0,0.0,4.0,7.0,5.0,0.0,16.0,2.0,0.0,0.0,2.0,16.0,395.0
505,2019.0,Aaron Altherr,- - -,28.0,1.0,49.0,66.0,61.0,0.082,5.0,2.0,2.0,0.0,1.0,8.0,3.0,3.0,0.0,25.0,1.0,0.0,0.0,1.0,25.0,268.0
426,2019.0,Jung Ho Kang,Pirates,32.0,78.0,65.0,185.0,172.0,0.169,29.0,11.0,7.0,1.0,10.0,15.0,24.0,11.0,0.0,60.0,1.0,0.0,0.0,1.0,60.0,719.0
451,2019.0,Martin Prado,Marlins,35.0,71.0,82.0,219.0,207.0,0.237,49.0,40.0,8.0,0.0,1.0,21.0,14.0,9.0,0.0,35.0,0.0,0.0,0.0,0.0,35.0,855.0
438,2019.0,Travis Shaw,Brewers,29.0,54.0,68.0,237.0,204.0,0.162,33.0,22.0,5.0,0.0,6.0,18.0,13.0,29.0,3.0,77.0,4.0,0.0,0.0,4.0,77.0,1022.0
460,2019.0,Eduardo Nunez,Red Sox,32.0,69.0,60.0,174.0,167.0,0.228,38.0,29.0,7.0,0.0,2.0,13.0,20.0,4.0,0.0,27.0,0.0,5.0,1.0,0.0,27.0,596.0
454,2019.0,Isan Diaz,Marlins,23.0,23.0,24.0,97.0,83.0,0.157,13.0,9.0,2.0,0.0,2.0,7.0,9.0,12.0,0.0,28.0,1.0,0.0,2.0,1.0,28.0,383.0
374,2019.0,Yonder Alonso,- - -,32.0,157.0,103.0,318.0,277.0,0.199,55.0,34.0,11.0,0.0,10.0,34.0,36.0,37.0,2.0,67.0,2.0,0.0,1.0,2.0,67.0,1304.0
452,2019.0,Juan Lagares,Mets,30.0,75.0,112.0,251.0,227.0,0.203,46.0,32.0,11.0,1.0,2.0,30.0,19.0,19.0,3.0,67.0,2.0,3.0,1.0,2.0,67.0,959.0
510,2019.0,Daniel Palka,White Sox,27.0,-9.0,17.0,52.0,45.0,0.022,1.0,1.0,0.0,0.0,0.0,0.0,2.0,6.0,0.0,18.0,1.0,0.0,0.0,1.0,18.0,210.0
386,2019.0,Curtis Granderson,Marlins,38.0,146.0,118.0,341.0,298.0,0.185,55.0,26.0,17.0,1.0,11.0,42.0,33.0,38.0,1.0,94.0,3.0,0.0,3.0,3.0,94.0,1473.0
407,2019.0,Welington Castillo,White Sox,32.0,76.0,61.0,214.0,196.0,0.199,39.0,22.0,9.0,0.0,8.0,14.0,27.0,14.0,0.0,67.0,3.0,0.0,0.0,3.0,67.0,846.0
405,2019.0,Ryan O'Hearn,Royals,25.0,122.0,84.0,313.0,275.0,0.185,51.0,31.0,9.0,1.0,10.0,27.0,27.0,36.0,1.0,80.0,1.0,0.0,1.0,1.0,80.0,1263.0
400,2019.0,Elias Diaz,Pirates,28.0,107.0,87.0,290.0,267.0,0.251,67.0,53.0,13.0,0.0,1.0,27.0,24.0,21.0,0.0,50.0,0.0,0.0,0.0,0.0,50.0,1201.0
432,2019.0,Garrett Hampson,Rockies,24.0,69.0,83.0,239.0,218.0,0.211,46.0,33.0,7.0,3.0,3.0,24.0,19.0,17.0,1.0,70.0,0.0,7.0,3.0,0.0,70.0,991.0
429,2019.0,Chris Davis,Orioles,33.0,72.0,96.0,316.0,277.0,0.173,48.0,30.0,8.0,0.0,10.0,23.0,34.0,33.0,1.0,125.0,3.0,0.0,0.0,3.0,125.0,1353.0
461,2019.0,Richie Martin Jr.,Orioles,24.0,64.0,105.0,283.0,259.0,0.193,50.0,37.0,6.0,3.0,4.0,25.0,15.0,14.0,0.0,79.0,5.0,8.0,1.0,5.0,79.0,1130.0
487,2019.0,Jeff Mathis,Rangers,36.0,18.0,84.0,234.0,218.0,0.161,35.0,25.0,8.0,0.0,2.0,17.0,11.0,15.0,1.0,80.0,0.0,1.0,0.0,0.0,80.0,898.0
